Comment,ID,Province ID,Province Name,Name,Type,Built,Hide Holding Slot
ID is the (optional) Holding ID.,,1,Virtus,The Dragon's Gate,castle,,
Province ID can be used to join the holding with its parent province in case we mistakenly have two counties with the same name (we should not).,,1,Virtus,Virtus,castle,,
If Province ID is blank Holding and Province will be joined by Province Name.,,1,Virtus,Pietas,castle,,
Name is the name of the holding as it should appear in the game (e.g. ÅgBarony of The Dragon's GateÅh).,,1,Virtus,Gravitas,castle,,
Built is whether or not the holding should start the game built. Åg0Åh or ÅgfalseÅh for no and anything else for yes. Leave the column blank and the holding defaults to built.,,1,Virtus,Potestas,temple,0,
Hide Holding Slot is used to indicate if this is an extra holding that should only appear when the province's prosperity increases.,,1,Virtus,Auctoritas,city,0,
,,1,Virtus,Veritas,castle,0,1
Duchy of Valor ? holdings named after virtues in Latin,,2,Temperantia,Temperantia,castle,,
,,2,Temperantia,Rottentree,castle,,
,,2,Temperantia,Prudentia,temple,,
,,2,Temperantia,Clementia,castle,,
,,2,Temperantia,Castitas,castle,0,1
,,2,Temperantia,Caritas,castle,0,1
,,2,Temperantia,Industria,castle,0,1
,,3,Fortitudo,Fortitudo,tribal,,
,,3,Fortitudo,Fortitudo,city,0,
,,3,Fortitudo,Fortitudo,temple,0,
,,3,Fortitudo,Constantia,castle,0,1
,,3,Fortitudo,Firmitas,castle,0,1
,,3,Fortitudo,Disciplina,castle,0,1
,,3,Fortitudo,Salubritas,castle,0,1
,,4,Iustitia,Iustitia,tribal,,
,,4,Iustitia,Iustitia,city,0,
,,4,Iustitia,Iustitia,temple,0,
,,4,Iustitia,Dignitas,temple,0,
,,4,Iustitia,Humanitas,castle,0,1
,,4,Iustitia,Humilitas,castle,0,1
,,4,Iustitia,Severitas,castle,0,1
Bern ? named after places in the old Swiss confederacy,,5,Bern,Bern Keep,castle,,
,,5,Bern,Bern,city,,
,,5,Bern,Bern,temple,,
,,5,Bern,Ecksachs,castle,,
,,5,Bern,Meiringen,castle,,
,,5,Bern,Wimmis,castle,,
,,5,Bern,Wangen,castle,,
,,6,Aarberg,Bern Manse,castle,,
,,6,Aarberg,Aarberg,temple,,
,,6,Aarberg,Aarberg,city,,
,,6,Aarberg,Aarwangen,castle,0,
,,6,Aarberg,Weissbrodt,temple,0,1
,,6,Aarberg,Irminger,city,0,1
,,6,Aarberg,Rieben,castle,0,1
,,,Landskron,Landskron,castle,,
,,,Landskron,Landskron,temple,,
,,,Landskron,Landskron,city,,
,,,Landskron,Laupen,castle,,
,,,Landskron,Grentzer,castle,,
,,,Landskron,Baumann,temple,0,1
,,,Landskron,Moroff,city,0,1
,,,Boltigen,Boltigen,castle,,
,,,Boltigen,Boltigen,temple,,
,,,Boltigen,Boltigen,city,,
,,,Boltigen,Augst,castle,0,
,,,Boltigen,Eschler,temple,0,1
,,,Boltigen,Wyssling,city,0,1
,,,Boltigen,Martig,castle,0,1
,,,Erlenbach,Erlenbach,castle,,
,,,Erlenbach,Erlenbach,city,,
,,,Erlenbach,Erlenbach,temple,,
,,,Erlenbach,Seftigen,city,0,
,,,Erlenbach,Belp,temple,0,
,,,Erlenbach,Freuler,castle,0,1
,,,Erlenbach,Welter,castle,0,1
,,,Basel,Basel,castle,,
,,,Basel,Basel,temple,,
,,,Basel,Basel,city,,
,,,Basel,Nidau,temple,0,
,,,Basel,Hammer,city,0,1
,,,Basel,Scherler,castle,0,1
,,,Basel,Haueter,castle,0,1
,,,Bettingen,Bettingen,castle,,
,,,Bettingen,Bettingen,temple,,
,,,Bettingen,Bettingen,city,,
,,,Bettingen,Thun,castle,,
,,,Bettingen,Zeller,temple,0,1
,,,Bettingen,Kropf,city,0,1
,,,Bettingen,Rieben,castle,0,1
,,,Orvin,Orvin,castle,,
,,,Orvin,Orvin,temple,,
,,,Orvin,Hollonweger,city,0,1
,,,Orvin,Nadig,castle,0,1
,,,Orvin,Giger,temple,0,1
,,,Orvin,Rimensberger,city,0,1
,,,Orvin,Probst,castle,0,1
,,,Glarus,Glarus,castle,,
,,,Glarus,Glarus,temple,,
,,,Glarus,Glarus,city,,
,,,Glarus,Biel,castle,0,
,,,Glarus,Signau,castle,0,
,,,Glarus,Rohrbach,temple,0,1
,,,Glarus,Hodler,city,0,1
,,,Ennenda,Ennenda,castle,,
,,,Ennenda,Ennenda,temple,,
,,,Ennenda,Ennenda,city,,
,,,Ennenda,Oberhasli,castle,0,
,,,Ennenda,Dauss,temple,0,1
,,,Ennenda,W?t,city,0,1
,,,Ennenda,Maurhofer,castle,0,1
,,,Riedern,Riedern,castle,,
,,,Riedern,Riedern,temple,,
,,,Riedern,Riedern,city,,
,,,Riedern,Konolfingen,castle,0,
,,,Riedern,Jaussi,temple,0,1
,,,Riedern,Hui,city,0,1
,,,Riedern,Wymann,castle,0,1
,,,Netstal,Netstal,castle,,
,,,Netstal,Netstal,temple,,
,,,Netstal,Winkler,city,0,1
,,,Netstal,K?zi,castle,0,1
,,,Netstal,Lieberherr,temple,0,1
,,,Netstal,Zehnder,city,0,1
,,,Netstal,R?gger,castle,0,1
,,,Uri,Shrine of Seals,castle,,
,,,Uri,Temple of Seals,temple,,
,,,Uri,Uri,city,,
,,,Uri,Moutier,city,,
,,,Uri,Buren,castle,,
,,,Uri,K?fer,temple,0,1
,,,Uri,Reiser,castle,0,1
,,,Bauen,Bauen,castle,,
,,,Bauen,Bauen,temple,,
,,,Bauen,Bauen,city,,
,,,Bauen,M?lematter,castle,0,1
,,,Bauen,Weilenmann,temple,0,1
,,,Bauen,Liechti,city,0,1
,,,Bauen,Naef,castle,0,1
,,,Isenthal,Isenthal,castle,,
,,,Isenthal,Isenthal,temple,,
,,,Isenthal,Isenthal,city,,
,,,Isenthal,Brunnen,castle,0,
,,,Isenthal,Bˆsch,temple,0,1
,,,Isenthal,Hermann,city,0,1
,,,Isenthal,Volz,castle,0,1
,,,Fribourg,Fribourg,castle,,
,,,Fribourg,Fribourg,temple,,
,,,Fribourg,Fribourg,city,,
,,,Fribourg,Blankenburg,city,0,
,,,Fribourg,Schwarzenburg,city,0,
,,,Fribourg,Birchmeier,temple,0,1
,,,Fribourg,Hodel,castle,0,1
,,,Galmiz,Galmiz,castle,,
,,,Galmiz,Galmiz,temple,,
,,,Galmiz,Galmiz,city,,
,,,Galmiz,Saanen,castle,0,
,,,Galmiz,Marggi,temple,0,1
,,,Galmiz,Romer,city,0,1
,,,Galmiz,Von Dach,castle,0,1
,,,Murist,Murist,castle,,
,,,Murist,Murist,temple,,
,,,Murist,Murist,city,,
,,,Murist,Grimm,castle,0,1
,,,Murist,Br‰ker,temple,0,1
,,,Murist,Egloff,city,0,1
,,,Murist,Hammer,castle,0,1
,,,Unterwalden,Unterwalden,castle,,
,,,Unterwalden,Unterwalden,temple,,
,,,Unterwalden,Unterwalden,city,,
,,,Unterwalden,Ursanne,castle,0,
,,,Unterwalden,K‰hr,temple,0,1
,,,Unterwalden,J‰ggli,city,0,1
,,,Unterwalden,Irmiger,castle,0,1
,,,Obwalden,Obwalden,castle,,
,,,Obwalden,Obwalden,temple,,
,,,Obwalden,Obwalden,city,,
,,,Obwalden,Bellelay,castle,0,
,,,Obwalden,Rˆsli,temple,0,1
,,,Obwalden,Gantenbein,city,0,1
,,,Obwalden,Rimensberger,castle,0,1
,,,Nidwalden,Nidwalden,castle,,
,,,Nidwalden,Nidwalden,temple,,
,,,Nidwalden,Nidwalden,city,,
,,,Nidwalden,Joneli,castle,0,1
,,,Nidwalden,Hochmuth,temple,0,1
,,,Nidwalden,Aescher,city,0,1
,,,Nidwalden,B‰hler,castle,0,1
,,,Appenzell,Appenzell,castle,,
,,,Appenzell,Appenzell,temple,,
,,,Appenzell,Appenzell,city,,
,,,Appenzell,Riehen,city,0,
,,,Appenzell,Saugern,city,0,
,,,Appenzell,Althaus,temple,0,1
,,,Appenzell,Aebi,castle,0,1
,,,Gonten,Gonten,castle,,
,,,Gonten,Gonten,temple,,
,,,Gonten,Gonten,city,,
,,,Gonten,Liestal,castle,0,
,,,Gonten,Nydegger,temple,0,1
,,,Gonten,Habegger,city,0,1
,,,Gonten,Trufer,castle,0,1
,,,Rute,Rute,castle,,
,,,Rute,Rute,city,,
,,,Rute,Rute,temple,,
,,,Rute,Wirz,castle,0,1
,,,Rute,Ottinger,city,0,1
,,,Rute,Galli,temple,0,1
,,,Rute,T?cher,castle,0,1
,,,Haslen,Haslen,castle,,
,,,Haslen,Haslen,temple,,
,,,Haslen,Haslen,city,,
,,,Haslen,Kupper,castle,0,1
,,,Haslen,Isler,temple,0,1
,,,Haslen,Kehrli,city,0,1
,,,Haslen,Lambert,castle,0,1
,,,Zug,Zug,castle,,
,,,Zug,Zug,temple,,
,,,Zug,Zug,city,,
,,,Zug,Rue,castle,0,
,,,Zug,Wald,castle,0,
,,,Zug,Scheuss,temple,0,1
,,,Zug,Wihler,city,0,1
,,,Risch,Risch,castle,,
,,,Risch,Risch,temple,,
,,,Risch,Risch,city,,
,,,Risch,Lamm,castle,0,1
,,,Risch,Schwendimann,temple,0,1
,,,Risch,Kˆlla,city,0,1
,,,Risch,Sch?mann,castle,0,1
,,,Walchwil,Walchwil,castle,,
,,,Walchwil,Walchwil,temple,,
,,,Walchwil,Walchwil,city,,
,,,Walchwil,Balz,castle,0,1
,,,Walchwil,R?gger,temple,0,1
,,,Walchwil,Dalcher,city,0,1
,,,Walchwil,Ragetli,castle,0,1
,,,Solothurn,Solothurn,castle,,
,,,Solothurn,Solothurn,temple,,
,,,Solothurn,Solothurn,city,,
,,,Solothurn,Sturzenegger,castle,0,1
,,,Solothurn,Naef,temple,0,1
,,,Solothurn,Balzli,city,0,1
,,,Solothurn,Giger,castle,0,1
,,,Dorneck,Dorneck,castle,,
,,,Dorneck,Dorneck,temple,,
,,,Dorneck,Dorneck,city,,
,,,Dorneck,K‰mpf,castle,0,1
,,,Dorneck,Waser,temple,0,1
,,,Dorneck,Nold,city,0,1
,,,Dorneck,Lufi,castle,0,1
,,,Olten,Olten,castle,,
,,,Olten,Olten,temple,,
,,,Olten,Olten,city,,
,,,Olten,Lehnherr,castle,0,1
,,,Olten,Beutler,temple,0,1
,,,Olten,Rickli,city,0,1
,,,Olten,Hug,castle,0,1
Calach ? more old Swiss names. Kingdom name is from the FE7 list of unused place names.,,,Calach,Calach,castle,,
,,,Calach,Dragon Sanctuary,temple,,
,,,Calach,Ticino,castle,0,
,,,Calach,Wohlen,castle,0,
,,,Calach,Zaugg,city,0,1
,,,Calach,Flaucher,temple,0,1
,,,Calach,Neuenschwander,city,0,1
,,,Marbach,Marbach,tribal,,
,,,Marbach,Saint's Refuge,city,,
,,,Marbach,Marbach,temple,0,
,,,Marbach,Riesen,city,0,1
,,,Marbach,Dysli,temple,0,1
,,,Marbach,Soom,castle,0,1
,,,Marbach,Kropf,castle,0,1
,,,Buron,Buron,tribal,,
,,,Buron,Buron,temple,0,
,,,Buron,Bessan,city,0,1
,,,Buron,Zentner,temple,0,1
,,,Buron,Abb?l,city,0,1
,,,Buron,Keussen,castle,0,1
,,,Buron,Schalcher,castle,0,1
,,,Regia,Regia,tribal,,
,,,Regia,Bomberger,temple,0,1
,,,Regia,Ziswiler,city,0,1
,,,Regia,Lieber,temple,0,1
,,,Regia,Mani,city,0,1
,,,Regia,Ottiker,castle,0,1
,,,Regia,Kyhm,castle,0,1
,,,Sion,Sion,tribal,,
,,,Sion,Sion,temple,0,
,,,Sion,Sion,city,0,
,,,Sion,D?ner,temple,0,1
,,,Sion,Kleeli,city,0,1
,,,Sion,Hirschi,castle,0,1
,,,Sion,Tr?sel,castle,0,1
,,,Remigen,Remigen,tribal,,
,,,Remigen,Remigen,temple,,
,,,Remigen,Remigen,city,0,
,,,Remigen,Emmen,tribal,0,
,,,Remigen,Hundsberger,temple,0,1
,,,Remigen,Klee,city,0,1
,,,Remigen,Felber,castle,0,1
,,,Kaisten,Kaisten,tribal,,
,,,Kaisten,Kaisten,temple,0,
,,,Kaisten,Nebikon,tribal,0,
,,,Kaisten,Steuri,city,0,1
,,,Kaisten,Grossenbacher,temple,0,1
,,,Kaisten,Egger,city,0,1
,,,Kaisten,Sager,castle,0,1
,,,Muhen,Muhen,tribal,,
,,,Muhen,Muhen,temple,0,
,,,Muhen,Jud,city,0,1
,,,Muhen,Schnely,temple,0,1
,,,Muhen,Klee,city,0,1
,,,Muhen,Blaser,castle,0,1
,,,Muhen,Bondt,castle,0,1
,,,Gallen,Gallen,castle,,
,,,Gallen,Gallen,temple,,
,,,Gallen,Gallen,city,,
,,,Gallen,Geltwil,city,0,
,,,Gallen,Fuhrer,temple,0,1
,,,Gallen,Eberle,castle,0,1
,,,Gallen,Binggeli,castle,0,1
,,,Balgach,Balgach,castle,,
,,,Balgach,Balgach,temple,,
,,,Balgach,Balgach,city,,
,,,Balgach,Germann,castle,0,1
,,,Balgach,Frommenwiler,temple,0,1
,,,Balgach,Tobler,city,0,1
,,,Balgach,Dalcher,castle,0,1
,,,Amden,Amden,tribal,,
,,,Amden,Amden,temple,,
,,,Amden,Amden,city,,
,,,Amden,Schwab,temple,0,1
,,,Amden,Kubler,city,0,1
,,,Amden,Reiff,castle,0,1
,,,Amden,Moosheer,castle,0,1
,,,Jura,Jura,castle,,
,,,Jura,Jura,temple,0,
,,,Jura,Amsler,city,0,1
,,,Jura,Jutzi,castle,0,1
,,,Jura,Pieren,temple,0,1
,,,Jura,Grob,city,0,1
,,,Jura,Indorf,castle,0,1
,,,Cornol,Cornol,tribal,,
,,,Cornol,Cornol,temple,0,
,,,Cornol,Lau,city,0,1
,,,Cornol,Itschner,temple,0,1
,,,Cornol,Waller,city,0,1
,,,Cornol,Z?n,castle,0,1
,,,Cornol,Gehrig,castle,0,1
,,,Bonfol,Bonfol,tribal,,
,,,Bonfol,Bonfol,temple,0,
,,,Bonfol,Knodel,city,0,1
,,,Bonfol,Wymann,temple,0,1
,,,Bonfol,Knutti,city,0,1
,,,Bonfol,Marolf,castle,0,1
,,,Bonfol,Stockar,castle,0,1
,,,Yens,Yens,tribal,,
,,,Yens,Yens,temple,0,
,,,Yens,Schwendimann,city,0,1
,,,Yens,Fuss,temple,0,1
,,,Yens,Murri,city,0,1
,,,Yens,Liechti,castle,0,1
,,,Yens,Bosshard,castle,0,1
,,,Sarnen,Sarnen,tribal,,
,,,Sarnen,Sarnen,temple,0,
,,,Sarnen,Sarnen,city,0,
,,,Sarnen,Gertsch,temple,0,1
,,,Sarnen,N‰geli,city,0,1
,,,Sarnen,Hiestand,castle,0,1
,,,Sarnen,Warth,castle,0,1
,,,Hori,Hori,tribal,,
,,,Hori,Hori,temple,0,
,,,Hori,Hori,city,0,
,,,Hori,Brunschweiler,temple,0,1
,,,Hori,Denszler,city,0,1
,,,Hori,Willi,castle,0,1
,,,Hori,Helbling,castle,0,1
,,,Meilen,Meilen,tribal,,
,,,Meilen,Meilen,temple,,
,,,Meilen,Meilen,city,0,
,,,Meilen,Zingg,temple,0,1
,,,Meilen,Kaufmann,city,0,1
,,,Meilen,Mathys,castle,0,1
,,,Meilen,Schluep,castle,0,1
,,,Rorbas,Rorbas,tribal,,
,,,Rorbas,Rorbas,temple,0,
,,,Rorbas,Rorbas,city,0,
,,,Rorbas,Schlenker,temple,0,1
,,,Rorbas,Hodler,city,0,1
,,,Rorbas,Eberle,castle,0,1
,,,Rorbas,Stauffer,castle,0,1
,,,Vaud,Vaud,tribal,,
,,,Vaud,Fort Kite,castle,0,
,,,Vaud,Fort Shrike,castle,0,
,,,Vaud,Fang Tower,castle,0,
,,,Vaud,Thomann,temple,0,1
,,,Vaud,Grubenmann,city,0,1
,,,Vaud,Ulmer,city,0,1
,,,Morges,Morges,tribal,,
,,,Morges,Violetwater Temple,temple,,
,,,Morges,Rietheim,city,0,
,,,Morges,Gallati,temple,0,1
,,,Morges,Riemann,city,0,1
,,,Morges,Richert,castle,0,1
,,,Morges,Zaugg,castle,0,1
,,,Aigle,Aigle,tribal,,
,,,Aigle,Aigle,temple,0,
,,,Aigle,Schaffner,city,0,1
,,,Aigle,Elmer,temple,0,1
,,,Aigle,Bruderer,city,0,1
,,,Aigle,Keller,castle,0,1
,,,Aigle,Zwygart,castle,0,1
,,,Nyon,Nyon,tribal,,
,,,Nyon,Nyon,temple,0,
,,,Nyon,Beyeler,city,0,1
,,,Nyon,Turtschi,temple,0,1
,,,Nyon,Pfˆuti,city,0,1
,,,Nyon,Rechsteiner,castle,0,1
,,,Nyon,Betschen,castle,0,1
,,,Arles,Arles,tribal,,
,,,Arles,Arles,temple,,
,,,Arles,Inderm?le,city,0,1
,,,Arles,Schwaller,temple,0,1
,,,Arles,Langenauer,city,0,1
,,,Arles,Schwank,castle,0,1
,,,Arles,Freuler,castle,0,1
,,,Itingen,Itingen,tribal,,
,,,Itingen,Heim,temple,0,1
,,,Itingen,Kubler,city,0,1
,,,Itingen,Fuss,temple,0,1
,,,Itingen,Wirth,city,0,1
,,,Itingen,Ramsauer,castle,0,1
,,,Itingen,Schindler,castle,0,1
,,,Birseck,Birseck,tribal,,
,,,Birseck,Pfeiffer,temple,0,1
,,,Birseck,Kilcher,city,0,1
,,,Birseck,Giger,temple,0,1
,,,Birseck,Althaus,city,0,1
,,,Birseck,Ochsner,castle,0,1
,,,Birseck,H‰berling,castle,0,1
,,,Lucerne,Lucerne,tribal,,
,,,Lucerne,Lucerne,temple,0,
,,,Lucerne,Vaulion,tribal,0,
,,,Lucerne,Lugano,tribal,0,
,,,Lucerne,M?lemann,temple,0,1
,,,Lucerne,Zeigler,city,0,1
,,,Lucerne,Schranz,city,0,1
,,,Ascona,Ascona,tribal,,
,,,Ascona,Ascona,temple,0,
,,,Ascona,Hummel,city,0,1
,,,Ascona,Irmiger,temple,0,1
,,,Ascona,Haueter,city,0,1
,,,Ascona,Allemann,castle,0,1
,,,Ascona,Brack,castle,0,1
,,,Cevio,Cevio,tribal,,
,,,Cevio,Lenzi,temple,0,1
,,,Cevio,Enggwiller,city,0,1
,,,Cevio,Lehmann,temple,0,1
,,,Cevio,Anderfuhren,city,0,1
,,,Cevio,K?zi,castle,0,1
,,,Cevio,Bachofner,castle,0,1
Terina ? also an unused name. Places are from locations in or near the historical Lycian League.,,,Xanthus,Xanthus,castle,,
,,,Xanthus,Xanthus,temple,,
,,,Xanthus,Xanthus,city,,
,,,Xanthus,Arinna,castle,0,
,,,Xanthus,Caretra,temple,0,1
,,,Xanthus,Zakrasa,city,0,1
,,,Xanthus,Phalarae,castle,0,1
,,,Cibyra,Cibyra,tribal,,
,,,Cibyra,Cibyra,city,0,
,,,Cibyra,Cibyra,temple,0,
,,,Cibyra,Hyblyn,city,0,1
,,,Cibyra,Trapodes,temple,0,1
,,,Cibyra,Orchinda,castle,0,1
,,,Cibyra,Artetra,castle,0,1
,,,Acaliss,Acaliss,tribal,,
,,,Acaliss,Acaliss,city,0,
,,,Calynda,Calynda,tribal,,
,,,Araxa,Araxa,castle,,
,,,Araxa,Araxa,city,,
,,,Araxa,Araxa,temple,,
,,,Lebessus,Lebessus,tribal,,
,,,Lebessus,Lebessus,city,0,
,,,Lebessus,Lebessus,temple,0,
,,,Caunus,Caunus,tribal,,
,,,Caunus,Caunus,city,0,
,,,Caunus,Caunus,temple,0,
,,,Oren,Oren,castle,,
,,,Oren,Oren,city,,
,,,Nisa,Nisa,tribal,,
,,,Nisa,Nisa,city,0,
,,,Nisa,Nisa,temple,0,
,,,Nisa,Misae,castle,0,
,,,Marciana,Marciana,tribal,,
,,,Marciana,Marciana,city,0,
,,,Choma,Choma,castle,,
,,,Choma,Choma,temple,,
,,,Choma,Choma,city,,
,,,Mugla,Mugla,tribal,,
,,,Mugla,Mugla,city,0,
,,,Comba,Comba,tribal,,
,,,Comba,Comba,city,0,
,,,Comba,Comba,temple,0,
Lycia ? names not from the game or manga are from locations in or near the historical Lycian League.,,,Ostia,Castle Ostia,castle,,
,,,Ostia,Fort Kinship,castle,,
,,,Ostia,Ostia,city,,
,,,Ostia,Ostia,temple,,
,,,Ostia,Lysinia,castle,0,
,,,Ostia,Attalea,castle,0,
,,,Durandal,Fort Roland,castle,,
,,,Durandal,Durandal Shrine,temple,,
,,,Durandal,Cremna,city,,
,,,Ragna,Ragna Castle,castle,,
,,,Ragna,Ragna,city,,
,,,Ragna,Ragna,temple,,
,,,Ragna,Andeda,castle,0,
,,,Arycanda,Arycanda,castle,,
,,,Arycanda,Arycanda,city,,
,,,Arycanda,Arycanda,temple,,
,,,Zem,Zem Castle,castle,,
,,,Zem,Zem,city,,
,,,Zem,Zem,temple,,
,,,Zem,Lagina,city,0,
,,,Aperlae,Aperlae,castle,,
,,,Aperlae,Aperlae,city,,
,,,Aperlae,Aperlae,temple,,
,,,Patara,Patara,castle,,
,,,Patara,Patara,city,,
,,,Patara,Patara,temple,,
,,,Thria,Castle Thria,castle,,
,,,Thria,Thria,city,,
,,,Thria,Thria,temple,,
,,,Myra,Myra,castle,,
,,,Myra,Myra,city,,
,,,Myra,Myra,temple,,
,,,Worde,Castle Worde,castle,,
,,,Worde,Worde,city,,
,,,Worde,Worde,temple,,
,,,Olst,Olst Castle,castle,,
,,,Olst,Olst,city,,
,,,Olst,Olst,temple,,
,,,Ryerde,Ryerde,castle,,
,,,Ryerde,Ryerde,city,,
,,,Ryerde,Ryerde,temple,,
,,,Sidyma,Sidyma,castle,,
,,,Sidyma,Sidyma,city,,
,,,Sidyma,Sidyma,temple,,
,,,Laus,Castle Laus,castle,,
,,,Laus,Laus,city,,
,,,Laus,Colbasa,temple,,
,,,Laus,Perge,castle,0,
,,,Idebessus,Idebessus,castle,,
,,,Idebessus,Idebessus,city,,
,,,Idebessus,Idebessus,temple,,
,,,Idebessus,Sinda,castle,0,
,,,Tios,Tios,castle,,
,,,Tios,Tios,city,,
,,,Tios,Tios,temple,,
,,,Badon,Badon Keep,castle,,
,,,Badon,Port Badon,city,,
,,,Badon,Syedra,temple,,
,,,Badon,Carallia,city,0,
,,,Badon,Orymna,city,0,
,,,Bubon,Bubon,castle,,
,,,Bubon,Bubon,city,,
,,,Bubon,Bubon,temple,,
,,,Balbura,Balbura,castle,,
,,,Balbura,Balbura,city,,
,,,Balbura,Balbura,temple,,
,,,Santaruz,Santaruz Castle,castle,,
,,,Santaruz,Santaruz,city,,
,,,Santaruz,Isinda,temple,,
,,,Santaruz,Selge,city,,
,,,Cyaneae,Fort Cyaneae,castle,,
,,,Cyaneae,Cyaneae,city,,
,,,Cyaneae,Semnea,temple,,
,,,Caelin,Caelin Castle,castle,,
,,,Caelin,Caelin,city,,
,,,Caelin,Cotenna,city,,
,,,Caelin,Etenna,city,,
,,,Caelin,Casae,temple,0,
,,,Alta,Castle Alta,castle,,
,,,Alta,Alta Village,city,,
,,,Alta,Ariassus,temple,0,
,,,Alta,Eudocias,castle,0,
,,,Khathelet,Khathelet Castle,castle,,
,,,Khathelet,Khathelet,city,,
,,,Khathelet,Dalisan,temple,,
,,,Khathelet,Lyrbe,castle,0,
,,,Antiphellos,Antiphellos,castle,,
,,,Antiphellos,Antiphellos,temple,,
,,,Antiphellos,Pednelissus,city,,
,,,Araphen,Castle Araphen,castle,,
,,,Araphen,Araphen,city,,
,,,Araphen,Graizel,castle,,
,,,Araphen,Hadriane,temple,,
,,,Limyra,Limyra,castle,,
,,,Limyra,Limyra,city,,
,,,Tuscana,Tuscana,castle,,
,,,Tuscana,Tuscana,city,,
,,,Tuscana,Tuscana,temple,,
,,,Rhodia,Rhodia,castle,,
,,,Rhodia,Rhodia,city,,
,,,Tania,Castle Tania,castle,,
,,,Tania,Tania,city,,
,,,Tania,Tania,temple,,
,,,Amelas,Amelas,castle,,
,,,Amelas,Amelas,city,,
,,,Pherae,Castle Pherae,castle,,
,,,Pherae,Demre,city,,
,,,Pherae,Kaya,temple,,
,,,Pherae,Isba,city,0,
,,,Pherae,Aspendus,castle,0,
,,,Phellus,Phellus,castle,,
,,,Phellus,Phellus,city,,
,,,Phellus,Phaselis,temple,,
,,,Phestos,Phestos,castle,,
,,,Phestos,Phestos,city,,
,,,Phestos,Sedra,temple,,
,,,Cornwell,Cornwell,castle,,
,,,Cornwell,Cornwell,city,,
,,,Cornwell,Cornwell,temple,,
,,,Cornwell,Magydus,city,0,
,,,Dias,Dias,castle,,
,,,Dias,Dias,city,,
,,,Dias,Dias,temple,,
,,,Dias,Pogla,city,0,
,,,Telmessus,Telmessus,castle,,
,,,Telmessus,Telmessus,city,,
,,,Telmessus,Telmessus,temple,,
,,,Telmessus,Termessus,city,0,
,,,Trebenna,Trebenna,castle,,
,,,Trebenna,Trebenna,city,,
,,,Trebenna,Trebenna,temple,,
Nabata ? names from locations near the historical Arcadia.,,,Arcadia,Arcadia,castle,,
,,,Arcadia,Arcadia,city,,
,,,Arcadia,Archsage's Refuge,temple,,
,,,Arcadia,Water Temple,temple,,
,,,Arcadia,Agriakona,castle,0,
,,,Gortynia,Gortynia,tribal,,
,,,Gortynia,Gortynia,city,0,
,,,Gortynia,Gortynia,temple,0,
,,,Kynouria,Kynouria,tribal,,
,,,Kynouria,Kynouria,city,0,
,,,Kynouria,Kynouria,temple,0,
,,,Kynouria,Ano Karyes,city,0,
,,,Levidi,Levidi,tribal,,
,,,Levidi,Levidi,city,0,
,,,Levidi,Levidi,temple,0,
,,,Mantineia,Mantineia,castle,,
,,,Mantineia,Mantineia,city,,
,,,Mantineia,Dimitsana,city,,
,,,Mantineia,Elliniko,castle,0,
,,,Mantineia,Kaltezes,castle,0,
,,,Nestani,Nestani,castle,,
,,,Nestani,Nestani,city,,
,,,Nestani,Nestani,temple,,
,,,Nestani,Mavriki,city,0,
,,,Pikernis,Pikernis,tribal,,
,,,Pikernis,Pikernis,city,0,
,,,Pikernis,Pikernis,temple,0,
,,,Kapsas,Kapsas,tribal,,
,,,Kapsas,Kapsas,city,,
,,,Kapsas,Kapsas,temple,,
,,,Tegea,Tegea,tribal,,
,,,Tegea,Tegea,city,0,
,,,Tegea,Tegea,temple,0,
,,,Tegea,Chotoussa,castle,0,
,,,Sagkas,Sagkas,tribal,,
,,,Sagkas,Sagkas,city,,
,,,Sagkas,Sagkas,temple,0,
,,,Loukas,Loukas,tribal,,
,,,Loukas,Loukas,city,0,
,,,Tyros,Tyros,castle,,
,,,Tyros,Tyros,city,,
,,,Tyros,Tyros,temple,,
,,,Tyros,Falaisia,city,0,
,,,Tyros,Kokkoras,castle,0,
,,,Akovos,Akovos,tribal,,
,,,Akovos,Akovos,city,0,
,,,Akovos,Akovos,temple,0,
,,,Akovos,Evandro,castle,0,
,,,Rizes,Rizes,tribal,,
,,,Rizes,Rizes,city,0,
,,,Rizes,Rizes,temple,0,
,,,Vytina,Vytina,tribal,,
,,,Vytina,Vytina,city,0,
,,,Vytina,Vytina,temple,0,
,,,Vytina,Tzivas,temple,0,
,,,Elati,Elati,tribal,,
,,,Elati,Elati,temple,0,
,,,Elati,Elati,city,0,
,,,Elati,Palamari,temple,0,
,,,Lasta,Lasta,tribal,,
,,,Lasta,Lasta,city,0,
,,,Lasta,Lasta,temple,0,
,,,Mallota,Mallota,tribal,,
,,,Mallota,Mallota,city,,
,,,Mallota,Mallota,temple,0,
,,,Mallota,Meligou,temple,0,
,,,Soulos,Soulos,tribal,,
,,,Soulos,Soulos,temple,0,
,,,Soulos,Soulos,city,0,
,,,Plaka,Plaka,tribal,,
,,,Plaka,Plaka,temple,0,
,,,Plaka,Plaka,city,0,
,,,Vangos,Vangos,tribal,,
,,,Vangos,Vangos,temple,0,
,,,Vangos,Vangos,city,0,
,,,Isaris,Isaris,tribal,,
,,,Isaris,Isaris,temple,0,
,,,Isaris,Isaris,city,0,
,,,Vastas,Vastas,tribal,,
,,,Vastas,Vastas,temple,0,
,,,Vastas,Vastas,city,0,
,,,Chirades,Chirades,tribal,,
,,,Chirades,Chirades,temple,0,
,,,Chirades,Chirades,city,0,
,,,Thoknia,Thoknia,tribal,,
,,,Thoknia,Thoknia,temple,0,
,,,Thoknia,Thoknia,city,0,
,,,Gefyra,Gefyra,tribal,,
,,,Gefyra,Gefyra,temple,,
,,,Gefyra,Gefyra,city,0,
,,,Gefyra,Pyrris,temple,0,
,,,Tripotamo,Tripotamo,tribal,,
,,,Tripotamo,Tripotamo,temple,0,
,,,Tripotamo,Tripotamo,city,0,
,,,Souli,Souli,tribal,,
,,,Souli,Souli,temple,0,
,,,Souli,Souli,city,0,
,,,Souli,Soulari,temple,0,
,,,Karyon,Karyon,tribal,,
,,,Karyon,Karyon,temple,0,
,,,Karyon,Karyon,city,0,
,,,Kafti,Kafti,city,,
,,,Kafti,Kafti,castle,,
,,,Kafti,Kafti,temple,,
,,,Kafti,Kastri,city,0,
,,,Kafti,Limni,city,0,
,,,Kafti,Psari,city,0,
,,,Makri,Makri,city,,
,,,Makri,Makri,castle,,
,,,Makri,Makri,temple,,
,,,Makri,Kato Karyes,castle,0,
,,,Perthori,Perthori,tribal,,
,,,Perthori,Perthori,castle,,
,,,Perthori,Perthori,temple,0,
,,,Perthori,Kastraki,city,0,
,,,Perthori,Dafni,city,0,
,,,Skopi,Skopi,tribal,,
,,,Skopi,Skopi,temple,,
,,,Skopi,Skopi,city,0,
Western Isles ? Latin names for locations in the British isles.,,,Jutes,Castle Jutes,castle,,
,,,Jutes,Armads Shrine,temple,,
,,,Jutes,Jutes,city,,
,,,Jutes,Leodis,castle,0,
,,,Jutes,Durolitum,city,0,
,,,Jutes,Londinium,city,0,
,,,Condate,Condate,tribal,,
,,,Condate,Condate,temple,0,
,,,Condate,Condate,city,0,
,,,Condate,Curia,city,0,
,,,Condate,Durocornovium,city,0,
,,,Moridin,Moridin,castle,,
,,,Moridin,Moridin,temple,,
,,,Moridin,Moridin,city,,
,,,Segontium,Segontium,tribal,,
,,,Segontium,Segontium,temple,0,
,,,Segontium,Segontium,city,0,
,,,Segontium,Lagentium,city,0,
,,,Dubris,Dubris,tribal,,
,,,Dubris,Dubris,temple,,
,,,Dubris,Dubris,city,0,
,,,Vectis,Vectis,castle,,
,,,Vectis,Vectis,city,,
,,,Vectis,Vectis,temple,,
,,,Vectis,Durnovaria,city,0,
,,,Lindinis,Lindinis,tribal,,
,,,Lindinis,Lindinis,temple,0,
,,,Lindinis,Lindinis,city,0,
,,,Mamucium,Mamucium,tribal,,
,,,Mamucium,Mamucium,temple,0,
,,,Mamucium,Mamucium,city,0,
,,,Pontes,Pontes,tribal,,
,,,Pontes,Pontes,temple,0,
,,,Pontes,Pontes,city,0,
,,,Calcaria,Calcaria,tribal,,
,,,Calcaria,Calcaria,temple,0,
,,,Calcaria,Calcaria,city,0,
,,,Calcaria,Lutonium,city,0,
,,,Eburacum,Eburacum,castle,,
,,,Eburacum,Eburacum,city,,
,,,Eburacum,Eburacum,temple,,
,,,Eburacum,Hortonium,city,0,
,,,Eburacum,Ardotalia,city,0,
,,,Eburacum,Concangis,city,0,
,,,Armagh,Castle Armagh,castle,,
,,,Armagh,Armagh,city,,
,,,Armagh,Letocetum,temple,,
,,,Armagh,Praetorium,city,0,
,,,Lindum,Lindum,tribal,,
,,,Lindum,Lindum,temple,0,
,,,Lindum,Lindum,city,0,
,,,Vinovia,Vinovia,tribal,,
,,,Vinovia,Vinovia,temple,0,
,,,Vinovia,Vinovia,city,0,
,,,Coria,Coria,castle,,
,,,Coria,Coria,city,,
,,,Coria,Lemanis,city,,
,,,Coria,Viroconium,city,,
,,,Coria,Vindolanda,temple,0,
,,,Coria,Anavio,city,0,
,,,Mediolanum,Mediolanum,tribal,,
,,,Mediolanum,Mediolanum,temple,0,
,,,Mediolanum,Mediolanum,city,0,
,,,Silurum,Silurum,tribal,,
,,,Silurum,Silurum,temple,0,
,,,Silurum,Silurum,city,0,
,,,Salinae,Salinae,tribal,,
,,,Salinae,Salinae,temple,,
,,,Salinae,Salinae,city,0,
,,,Salinae,Regulbium,city,0,
,,,Salinae,Vagniacae,city,0,
,,,Edina,Castle Edina,castle,,
,,,Edina,Edina,city,,
,,,Edina,Luentinum,temple,,
,,,Edina,Verulamium,city,0,
,,,Edina,Sulloniacae,city,0,
,,,Belgarum,Belgarum,tribal,,
,,,Belgarum,Belgarum,temple,0,
,,,Belgarum,Belgarum,city,0,
,,,Caromago,Caromago,tribal,,
,,,Caromago,Caromago,temple,0,
,,,Caromago,Caromago,city,0,
,,,Alauna,Alauna,tribal,,
,,,Alauna,Alauna,temple,0,
,,,Alauna,Alauna,city,0,
,,,Alauna,Clausentum,city,0,
,,,Devana,Devana,tribal,,
,,,Devana,Devana,temple,0,
,,,Devana,Devana,city,0,
,,,Graupius,Graupius,tribal,,
,,,Graupius,Graupius,temple,0,
,,,Graupius,Graupius,city,0,
,,,Evidensca,Evidensca,tribal,,
,,,Evidensca,Evidensca,temple,,
,,,Evidensca,Evidensca,city,0,
,,,Evidensca,Cantiacorum,city,0,
,,,Evidensca,Durovernum,city,0,
,,,Trimontium,Trimontium,tribal,,
,,,Trimontium,Trimontium,temple,0,
,,,Trimontium,Trimontium,city,0,
,,,Dia,Dia,city,,
,,,Dia,Dia,temple,,
,,,Dia,Dia,castle,,
,,,Dia,Aquae Sulis,city,0,
,,,Corinium,Corinium,city,,
,,,Corinium,Corinium,temple,,
,,,Corinium,Corinium,castle,,
,,,Corinium,Garrianonum,city,0,
,,,Danum,Danum,city,,
,,,Danum,Danum,temple,,
,,,Danum,Danum,castle,,
,,,Navio,Navio,tribal,,
,,,Navio,Navio,temple,0,
,,,Olicana,Olicana,tribal,,
,,,Isca,Isca,tribal,,
,,,Isca,Isca,temple,0,
Taliver Mountains ? from antagonists in the Song of Roland. ,,,Taliver,Taliver,tribal,,
,,,Hardres,Hardres,tribal,,
,,,Hardres,Hardres,temple,0,
,,,Berenger,Berenger,tribal,,
,,,Pinabel,Pinabel,tribal,,
,,,Pinabel,Pinabel,temple,0,
,,,Ganelon,Ganelon,tribal,,
,,,Ganelon,Ganelon,temple,0,
,,,Foulkes,Foulkes,tribal,,
,,,Foulkes,Foulkes,temple,0,
,,,Murgleis,Murgleis,tribal,,
,,,Murgleis,Murgleis Shrine,temple,,
,,,Murgleis,Murgleis,city,0,
Sacae ? places near historical Sacae.,,,Bulgar,Bulgar,tribal,,
,,,Bulgar,Bulgar,city,,
,,,Bulgar,Bulgar,temple,0,
,,,Bulgar,Hanon's Arrow,temple,0,
,,,Bulgar,Plainsedge,temple,0,
,,,Bulgar,Hawkshall,temple,0,
,,,Mani,Mani,tribal,,
,,,Mani,Mani Katti Shrine,temple,,
,,,Mani,Swiftarrow,city,0,
,,,Balkh,Balkh,tribal,,
,,,Balkh,Balkh,temple,0,
,,,Balkh,Balkh,temple,0,
,,,Volga,Volga,tribal,,
,,,Volga,Volga,temple,0,
,,,Volga,Volga,city,0,
,,,Gelonus,Gelonus,tribal,,
,,,Gelonus,Gelonus,temple,0,
,,,Gelonus,Gelonus,city,0,
,,,Sistan,Sistan,tribal,,
,,,Sistan,Sistan,temple,0,
,,,Saka,Saka,tribal,,
,,,Saka,Sol Katti Shrine,temple,,
,,,Saka,Silverwolf,city,0,
,,,Pamir,Pamir,tribal,,
,,,Pamir,Pamir,temple,0,
,,,Shan,Shan,tribal,,
,,,Media,Media,tribal,,
,,,Media,Media,temple,0,
,,,Media,Media,city,0,
,,,Ecbatana,Ecbatana,tribal,,
,,,Ecbatana,Ecbatana,temple,0,
,,,Atropatene,Atropatene,tribal,,
,,,Atropatene,Atropatene,temple,0,
,,,Atropatene,Atropatene,city,0,
,,,Talas,Castle Talas,castle,,
,,,Talas,Talas,city,,
,,,Talas,Taraz,city,,
,,,Talas,Zhizhi,temple,0,
,,,Naryn,Naryn,tribal,,
,,,Naryn,Naryn,temple,0,
,,,Naryn,Naryn,city,0,
,,,Batken,Batken,tribal,,
,,,Batken,Batken,temple,0,
,,,Tarim,Tarim,tribal,,
,,,Tarim,Tarim,temple,0,
,,,Kunlun,Kunlun,tribal,,
,,,Kunlun,Kunlun,temple,0,
,,,Kashgar,Kashgar,tribal,,
,,,Kashgar,Kashgar,temple,0,
Etruria ? places near the historical Etruria and/or modern Italy where it used to be.,,,Aquleia,Aquleia Palace,castle,,
,,,Aquleia,Tower of the Saint,temple,,
,,,Aquleia,Aquleia,temple,,
,,,Aquleia,Aureola,temple,,
,,,Aquleia,Aquleia,city,,
,,,Aquleia,Artisan's Town,city,,
,,,Aquleia,Aquelia Keep,castle,,
,,,Berua,Berua,castle,,
,,,Berua,Berua,temple,,
,,,Berua,Berua,city,,
,,,Berua,Vicentia,temple,0,
,,,Cura,Cura,castle,,
,,,Cura,Cura,temple,,
,,,Cura,Cura,city,,
,,,Cura,Cora,temple,0,
,,,Vetluna,Vetluna,castle,,
,,,Vetluna,Vetluna,temple,,
,,,Vetluna,Vetluna,city,,
,,,Vetluna,Agridi,temple,0,
,,,Vetluna,Piana,city,0,
,,,Capeva,Capeva,castle,,
,,,Capeva,Capeva,temple,,
,,,Capeva,Capeva,city,,
,,,Orcla,Orcla,castle,,
,,,Orcla,Orcla,temple,,
,,,Alesia,Castle Alesia,castle,,
,,,Alesia,Alesia,city,,
,,,Alesia,Pherusina,city,,
,,,Alesia,Velimachi,temple,0,
,,,Alesia,Nymfasia,temple,0,
,,,Fulginia,Fulginia,castle,,
,,,Fulginia,Fulginia,temple,,
,,,Fulginia,Fulginia,city,,
,,,Perusia,Perusia,castle,,
,,,Perusia,Perusia,temple,,
,,,Perusia,Perusia,city,,
,,,Perusia,Tropaia,city,0,
,,,Reglay,Reglay,castle,,
,,,Reglay,Reglay,temple,,
,,,Reglay,Reglay,city,,
,,,Reglay,Vetulonia,temple,0,
,,,Reglay,Vatalu,city,0,
,,,Rasela,Rasela,castle,,
,,,Rasela,Rasela,temple,,
,,,Rasela,Rasela,city,,
,,,Rasela,Grosseto,temple,0,
,,,Russellae,Russellae,castle,,
,,,Russellae,Russellae,temple,,
,,,Russellae,Russellae,city,,
,,,Colonnata,Colonnata,castle,,
,,,Colonnata,Colonnata,temple,,
,,,Colonnata,Colonnata,city,,
,,,Caerleon,Caerleon,castle,,
,,,Caerleon,Caerleon,temple,,
,,,Caerleon,Caerleon,city,,
,,,Caerleon,Cerveteri,temple,0,
,,,Caerleon,Caere,city,0,
,,,Caisra,Caisra,castle,,
,,,Caisra,Caisra,temple,,
,,,Caisra,Caisra,city,,
,,,Caisra,Atrebatum,temple,0,
,,,Caisra,Ceri,castle,0,
,,,Agylla,Agylla,castle,,
,,,Agylla,Agylla,temple,,
,,,Agylla,Agylla,city,,
,,,Agylla,Kisra,temple,0,
,,,Tarchna,Tarchna,castle,,
,,,Tarchna,Tarchna,temple,,
,,,Tarchna,Tarchna,city,,
,,,Tarchna,Tarkina,temple,0,
,,,Tarchna,Tarracina,city,0,
,,,Tarchna,Muralto,temple,0,
,,,Bolsena,Bolsena,castle,,
,,,Bolsena,Bolsena,temple,,
,,,Bolsena,Bolsena,city,,
,,,Bolsena,Chaire,temple,0,
,,,Satria,Satria,castle,,
,,,Satria,Satria,temple,,
,,,Satria,Satria,city,,
,,,Satria,Bannaventa,temple,0,
,,,Satria,Calleva,city,0,
,,,Amina,Amina,castle,,
,,,Amina,Amina,temple,0,
,,,Siene,Siene,castle,,
,,,Siene,Siene,temple,,
,,,Siene,Siene,city,,
,,,Siene,Arreti,temple,0,
,,,Siene,Areuthes,city,0,
,,,Blera,Blera,castle,,
,,,Blera,Blera,temple,,
,,,Blera,Blera,city,,
,,,Blera,Flera,temple,0,
,,,Marturi,Marturi,castle,,
,,,Marturi,Marturi,temple,,
,,,Marturi,Marturi,city,,
,,,Catuna,Catuna,castle,,
,,,Catuna,Catuna,temple,,
,,,Catuna,Catuna,city,,
,,,Catuna,Scitonia,temple,0,
,,,Catuna,Cetona,city,0,
,,,Felathri,Felathri,castle,,
,,,Felathri,Felathri,temple,,
,,,Felathri,Felathri,city,,
,,,Felathri,Harimne,temple,0,
,,,Felathri,Perusna,city,0,
,,,Nucra,Nucra,castle,,
,,,Nucra,Nucra,temple,,
,,,Nucra,Nucra,city,,
,,,Velkha,Velkha,castle,,
,,,Velkha,Velkha,temple,,
,,,Velkha,Velkha,city,,
,,,Velkha,Volcei,temple,0,
,,,Velkha,Buccino,city,0,
,,,Capna,Capna,castle,,
,,,Capna,Capna,temple,,
,,,Capna,Capna,city,,
,,,Capna,Capena,temple,0,
,,,Liburna,Liburna,castle,,
,,,Liburna,Liburna,temple,,
,,,Liburna,Liburna,city,,
,,,Clevsin,Clevsin,castle,,
,,,Clevsin,Clevsin,temple,,
,,,Clevsin,Clevsin,city,,
,,,Clevsin,Cleusina,temple,0,
,,,Manthra,Manthra,castle,,
,,,Manthra,Manthra,temple,,
,,,Manthra,Manthra,city,,
,,,Manthra,Clevsi,temple,0,
,,,Irna,Irna,castle,,
,,,Irna,Irna,temple,,
,,,Irna,Irna,city,,
,,,Irna,Salernum,temple,0,
,,,Cassina,Cassina,castle,,
,,,Cassina,Cassina,temple,,
,,,Cassina,Cassina,city,,
,,,Arritim,Arritim,castle,,
,,,Arritim,Arritim,temple,,
,,,Arritim,Arritim,city,,
,,,Halethi,Halethi,castle,,
,,,Halethi,Halethi,temple,,
,,,Halethi,Halethi,city,,
,,,Herclena,Herclena,castle,,
,,,Herclena,Herclena,temple,,
,,,Bellona,Bellona,castle,,
,,,Bellona,Bellona,temple,,
,,,Bellona,Bellona,city,,
,,,Velzna,Velzna,castle,,
,,,Velzna,Velzna,temple,,
,,,Velzna,Velzna,city,,
Ilia ? places near where the city of Troy (Ilion) might have been. Also some leftover names from the Etruria list since they're nearby and I was lazy.,,,Edessa,Castle Edessa,castle,,
,,,Edessa,Edessa,city,,
,,,Edessa,Maltet,temple,,
,,,Edessa,Barigan,castle,,
,,,Edessa,Urha,castle,0,
,,,Edessa,Ilium,castle,0,
,,,Adma,Adma,castle,,
,,,Adma,Adma,city,,
,,,Adma,Adma,temple,,
,,,Pyrene,Pyrene,tribal,,
,,,Pyrene,Pyrene,city,0,
,,,Pyrene,Pyrene,temple,0,
,,,Orhay,Orhay,castle,,
,,,Orhay,Orhay,city,,
,,,Orhay,Orhay,temple,,
,,,Riha,Riha,tribal,,
,,,Riha,Riha,city,0,
,,,Troas,Troas,tribal,,
,,,Troas,Troas,city,0,
,,,Troas,Troas,temple,0,
,,,Troas,Taruisa,temple,0,
,,,Sigeia,Sigeia,tribal,,
,,,Sigeia,Sigeia,city,0,
,,,Antigonia,Antigonia,tribal,,
,,,Antigonia,Antigonia,city,0,
,,,Carrhae,Carrhae,castle,,
,,,Carrhae,Carrhae,city,,
,,,Carrhae,Carrhae,temple,,
,,,Melas,Melas,tribal,,
,,,Melas,Melas,city,,
,,,Melas,Melas,temple,0,
,,,Ida,Ida,tribal,,
,,,Ida,Ida,city,0,
,,,Ida,Ida,temple,0,
,,,Aisarna,Aisarna,castle,,
,,,Cebrene,Cebrene,castle,,
,,,Cebrene,Cebrene,city,,
,,,Cebrene,Cebrene,temple,,
,,,Hortia,Hortia,tribal,,
,,,Sabatia,Sabatia,tribal,,
,,,Vipena,Vipena,tribal,,
,,,Vipena,Vipena,city,0,
,,,Vipena,Vipena,temple,0,
,,,Spina,Spina,castle,,
,,,Spina,Spina,temple,0,
,,,Spina,Spina,city,0,
,,,Neandreia,Neandreia,castle,,
,,,Neandreia,Neandreia,city,,
,,,Neandreia,Cigri,city,,
,,,Neandreia,Samonion,city,,
,,,Kavi,Kavi,tribal,,
,,,Kavi,Kavi,city,0,
,,,Mutina,Mutina,tribal,,
,,,Mutina,Mutina,city,0,
,,,Anth,Anth,tribal,,
,,,Anth,Anth,city,0,
,,,Anth,Anth,temple,0,
,,,Clavna,Clavna,tribal,,
,,,Sestos,Sestos,tribal,,
,,,Sestos,Sestos,city,0,
,,,Sestos,Sestos,temple,0,
,,,Arciun,Arciun,tribal,,
,,,Arciun,Arciun,city,0,
,,,Carmna,Carmna,tribal,,
,,,Carmna,Carmna,city,0,
,,,Sigeion,Sigeion,tribal,,
,,,Sigeion,Sigeion,city,0,
,,,Sigeion,Sigeion,temple,0,
,,,Atria,Atria,tribal,,
,,,Atria,Atria,temple,,
,,,Felsina,Felsina,castle,,
,,,Felsina,Felsina,temple,,
,,,Cardia,Cardia,castle,,
,,,Cardia,Cardia,city,,
,,,Cardia,Cardia,temple,,
,,,Cardia,Bilitio,temple,0,
,,,Cainua,Cainua,tribal,,
,,,Cainua,Cainua,city,0,
,,,Aisinia,Aisinia,castle,,
,,,Aisinia,Aisinia,city,,
,,,Aisinia,Aisinia,temple,,
,,,Phlera,Phlera,tribal,,
,,,Sabate,Sabate,tribal,,
,,,Sabate,Sabate,city,0,
,,,Remy,Castle Remy,castle,,
,,,Remy,Remy,temple,,
,,,Remy,Remy,city,0,
,,,Remy,Ravna,temple,0,
,,,Remy,Ratumna,temple,0,
,,,Arimna,Arimna,tribal,,
,,,Velera,Velera,castle,,
,,,Velera,Velera,city,,
,,,Velera,Velera,temple,,
,,,Pathva,Pathva,castle,,
,,,Pathva,Pathva,temple,,
,,,Remnun,Remnun,castle,,
,,,Remnun,Remnun,temple,,
Belhalla ? names related to Valhalla in some way.,,,Belhalla,Belhalla,castle,,
,,,Belhalla,Belhalla,temple,,
,,,Belhalla,Belhalla,city,,
,,,Belhalla,Heorot,castle,,
,,,Belhalla,Fagrskinna,castle,,
,,,Belhalla,Heimskringla,city,0,
,,,Belhalla,Walaz,temple,0,
,,,Glasir,Glasir,castle,,
,,,Glasir,Glasir,temple,,
,,,Glasir,Glasir,city,,
,,,Glasir,Glasislundr,castle,,
,,,Glasir,Goldentree,city,0,
,,,Laeradr,Laeradr,castle,,
,,,Laeradr,Laeradr,temple,,
,,,Laeradr,Laeradr,city,,
,,,Laeradr,Heidrun,castle,,
,,,Laeradr,Eikthyrnir,castle,,
,,,Valholl,Valholl,castle,,
,,,Valholl,Valholl,temple,,
,,,Valholl,Valholl,city,,
,,,Valholl,Walhalla,temple,0,
Velthomer ? names related to either of the mythical Fjalars,,,Velthomer,Velthomer Castle,castle,,
,,,Velthomer,Velthomer,temple,,
,,,Velthomer,Velthomer,city,,
,,,Velthomer,Gullinkambi,castle,0,
,,,Velthomer,Eggther,castle,0,
,,,Velthomer,Galgvidr,temple,0,
,,,Galar,Galar,castle,,
,,,Galar,Galar,temple,,
,,,Galar,Galar,city,,
,,,Galar,Jarnvidr,city,0,
,,,Galar,Angrboda,city,0,
,,,Kvasir,Kvasir,castle,,
,,,Kvasir,Kvasir,temple,,
,,,Kvasir,Kvasir,city,,
,,,Kvasir,Hnitbjorg,city,0,
,,,Gilling,Gilling,castle,,
,,,Gilling,Gilling,temple,,
,,,Gilling,Gilling,city,,
,,,Gilling,Gunnlod,temple,0,
,,,Suttungr,Suttungr,castle,,
,,,Suttungr,Suttungr,temple,,
,,,Suttungr,Suttungr,city,,
,,,Suttungr,Baugi,castle,0,
Edda ? names from/of the Norse eddas,,,Edda,Edda Castle,castle,,
,,,Edda,Edda,temple,,
,,,Edda,Edda,city,,
,,,Edda,Skirnismal,temple,,
,,,Edda,Thrymskvida,temple,,
,,,Grimnismal,Grimnismal,castle,,
,,,Grimnismal,Grimnismal,temple,,
,,,Grimnismal,Grimnismal,city,,
,,,Grimnismal,Voluspa,temple,0,
,,,Grimnismal,Hymiskvida,castle,0,
,,,Havamal,Havamal,castle,,
,,,Havamal,Havamal,temple,,
,,,Havamal,Havamal,city,,
,,,Lokasenna,Lokasenna,castle,,
,,,Lokasenna,Lokasenna,temple,,
,,,Lokasenna,Lokasenna,city,,
,,,Lokasenna,Rigsthula,city,0,
,,,Lokasenna,Volundarkvida,city,0,
,,,Alvissmal,Alvissmal,castle,,
,,,Alvissmal,Alvissmal,temple,,
,,,Alvissmal,Alvissmal,city,,
Chalphy ? names related to the character Thjalfi from myths about Thor.,,,Chalphy,Chalphy Castle,castle,,
,,,Chalphy,Chalphy,temple,,
,,,Chalphy,Chalphy,city,,
,,,Chalphy,Hervararkvida,temple,,
,,,Chalphy,Gridarvolr,castle,0,
,,,Chalphy,Megingjord,city,0,
,,,Thjalfi,Thjalfi,castle,,
,,,Thjalfi,Thjalfi,temple,,
,,,Thjalfi,Thjalfi,city,,
,,,Thjalfi,Tanngrisnir,city,0,
,,,Roskva,Roskva,castle,,
,,,Roskva,Roskva,temple,,
,,,Roskva,Roskva,city,,
,,,Roskva,Tanngnjostr,city,0,
,,,Harbardsljod,Harbardsljod,castle,,
,,,Harbardsljod,Harbardsljod,temple,,
,,,Harbardsljod,Harbardsljod,city,,
,,,Harbardsljod,Harbarthsljoth,castle,0,
,,,Harbardsljod,Jarngreipr,temple,0,
Friege ? names related to Frigg and Thor.,,,Friege,Friege Castle,castle,,
,,,Friege,Friege,temple,,
,,,Friege,Friege,city,,
,,,Friege,Frigg,castle,,
,,,Friege,Vethorm,castle,0,
,,,Friege,Sonnung,castle,0,
,,,Donar,Donar,castle,,
,,,Donar,Donar,temple,,
,,,Donar,Donar,city,,
,,,Donar,Veod,castle,0,
,,,Donar,Schutaeze,castle,0,
,,,Tor,Tor,castle,,
,,,Tor,Tor,temple,,
,,,Tor,Tor,city,0,
,,,Tor,Hloridi,temple,0,
Dozel ? names from places in Lombardy.,,,Dozel,Dozel Castle,castle,,
,,,Dozel,Dozel,temple,,
,,,Dozel,Dozel,city,,
,,,Dozel,Lodi,castle,0,
,,,Dozel,Vigevano,city,0,
,,,Dozel,Chiavenna,castle,0,
,,,Monza,Monza,castle,,
,,,Monza,Monza,temple,,
,,,Monza,Monza,city,,
,,,Monza,Maggiore,castle,0,
,,,Lombardy,Lombardy,castle,,
,,,Lombardy,Lombardy,temple,,
,,,Lombardy,Lombardy,city,,
,,,Lombardy,Milano,castle,0,
,,,Lombardy,Como,city,0,
Jungby ? names related to Yngvi,,,Jungby,Jungby Castle,castle,,
,,,Jungby,Jungby,temple,,
,,,Jungby,Jungby,city,,
,,,Jungby,Fraujaz,city,,
,,,Jungby,Frawjon,city,,
,,,Inguin,Inguin,castle,,
,,,Inguin,Inguin,temple,,
,,,Inguin,Inguin,city,,
,,,Yngvi,Yngvi,castle,,
,,,Yngvi,Yngvi,temple,,
,,,Yngvi,Yngvi,city,,
,,,Yngvi,Yngve,castle,0,
,,,Ingwaz,Ingwaz,castle,,
,,,Ingwaz,Ingwaz,temple,,
,,,Ingwaz,Ingwaz,city,,
,,,Ingwine,Ingwine,castle,,
,,,Ingwine,Ingwine,temple,,
,,,Ingwine,Ingwine,city,,
,,,Ingwine,Ingunar,castle,0,
Agusty ? I think these were leftover names from Norse mythology,,,Agusty,Agusty Castle,castle,,
,,,Agusty,Agusty,temple,,
,,,Agusty,Agusty,city,,
,,,Agusty,Thrainn,castle,,
,,,Agusty,Hrongvid,castle,,
,,,Agusty,Haldingr,city,0,
,,,Hotherus,Hotherus,castle,,
,,,Hotherus,Hotherus,temple,,
,,,Hotherus,Hotherus,city,,
,,,Hotherus,Gylfaginning,temple,0,
,,,Hodur,Hodur,castle,,
,,,Hodur,Hodur,temple,,
,,,Hodur,Hodur,city,,
,,,Hodur,Hod,city,,
,,,Hodur,Hoder,temple,0,
,,,Griplur,Griplur,castle,,
,,,Griplur,Griplur,temple,,
,,,Griplur,Griplur,city,,
,,,Hromundar,Hromundar,castle,,
,,,Hromundar,Hromundar,temple,,
,,,Hromundar,Hromundar,city,,
Madino ? not sure. Maybe from Italy?,,,Madino,Madino Castle,castle,,
,,,Madino,Madino,temple,,
,,,Madino,Madino,city,,
,,,Madino,Misodendra,city,,
,,,Madino,Visca,city,,
,,,Santala,Santala,castle,,
,,,Santala,Santala,temple,,
,,,Santala,Santala,city,,
,,,Santala,Eremo,city,0,
,,,Lorantha,Lorantha,castle,,
,,,Lorantha,Lorantha,temple,,
,,,Lorantha,Lorantha,city,,
Silvail ? see above,,,Silvail,Silvail Castle,castle,,
,,,Silvail,Silvail,temple,,
,,,Silvail,Silvail,city,,
,,,Silvail,Silvano,city,,
,,,Mascagni,Mascagni,castle,,
,,,Mascagni,Mascagni,temple,,
,,,Mascagni,Mascagni,city,,
,,,Targioni,Targioni,castle,,
,,,Targioni,Targioni,temple,,
,,,Targioni,Targioni,city,,
,,,Tozzetti,Tozzetti,castle,,
,,,Tozzetti,Tozzetti,temple,,
,,,Tozzetti,Tozzetti,city,,
Anphony ? from places in the play Macbeth,,,Anphony,Anphony Castle,castle,,
,,,Anphony,Anphony,temple,,
,,,Anphony,Anphony,city,,
,,,Anphony,Angus,castle,0,
,,,Dunsinane,Dunsinane,castle,,
,,,Dunsinane,Dunsinane,temple,,
,,,Dunsinane,Dunsinane,city,,
,,,Dunsinane,Collace,city,0,
,,,Birnam,Birnam,castle,,
,,,Birnam,Birnam,temple,,
,,,Birnam,Birnam,city,,
,,,Birnam,Craigvinean,city,0,
,,,Glamis,Glamis,castle,,
,,,Glamis,Glamis,temple,,
,,,Glamis,Glamis,city,,
,,,Cawdor,Cawdor,castle,,
,,,Cawdor,Cawdor,temple,,
,,,Cawdor,Cawdor,city,,
,,,Heirhein,Heirhein Castle,castle,,
,,,Heirhein,Heirhein,temple,,
,,,Heirhein,Heirhein,city,,
,,,Heirhein,Libourne,castle,,
,,,Stemilion,Stemilion,castle,,
,,,Stemilion,Stemilion,temple,,
,,,Stemilion,Stemilion,city,,
,,,Stemilion,Lasauve,castle,0,
,,,Stemilion,Lareole,temple,0,
,,,Castillon,Castillon,castle,,
,,,Castillon,Castillon,temple,,
,,,Castillon,Castillon,city,,
,,,Blaye,Blaye,castle,,
,,,Blaye,Blaye,temple,,
,,,Blaye,Blaye,city,,
,,,Blaye,Bourg,city,0,
Nordion ? names related to the Norns from Norse myth,,,Nordion,Nordion Castle,castle,,
,,,Nordion,Nordion,temple,,
,,,Nordion,Nordion,city,,
,,,Nordion,Moira,temple,0,
,,,Norn,Norn,castle,,
,,,Norn,Norn,temple,,
,,,Norn,Norn,city,,
,,,Urd,Urd,castle,,
,,,Urd,Urd,temple,,
,,,Urd,Urd,city,,
,,,Verdandi,Verdandi,castle,,
,,,Verdandi,Verdandi,temple,,
,,,Verdandi,Verdandi,city,,
,,,Verdandi,Morta,city,,
,,,Verdandi,Decima,city,,
,,,Verdandi,Nona,city,,
,,,Skuld,Skuld,castle,,
,,,Skuld,Skuld,temple,,
,,,Skuld,Skuld,city,,
,,,Skuld,Parca,city,,
,,,Skuld,Fata,city,,
Mackily ? from places near the real town of Clement,,,Mackily,Mackily Castle,castle,,
,,,Mackily,Mackily,temple,,
,,,Mackily,Mackily,city,,
,,,Mackily,Tresillian,city,0,
,,,Truro,Truro,castle,,
,,,Truro,Truro,temple,0,
,,,Moresk,Moresk,castle,,
,,,Moresk,Moresk,city,,
,,,Moresk,Moresk,temple,0,
,,,Malpas,Malpas,castle,,
,,,Malpas,Malpas,temple,,
,,,Malpas,Malpas,city,,
Silesse ? Names from cities of Silesia,,,Silesse,Silesse Castle,castle,,
,,,Silesse,Silesse,temple,,
,,,Silesse,Silesse,city,,
,,,Silesse,Wroclaw,castle,0,
,,,Silesse,Sycow,city,0,
,,,Ziebice,Ziebice,tribal,,
,,,Ziebice,Ziebice,temple,0,
,,,Ziebice,Ziebice,city,0,
,,,Slega,Slega,tribal,,
,,,Slega,Slega,temple,0,
,,,Slega,Slega,city,0,
,,,Braniborsko,Braniborsko,tribal,,
,,,Braniborsko,Braniborsko,temple,,
,,,Braniborsko,Braniborsko,city,0,
,,,Braniborsko,Olesnica,city,0,
,,,Zaxon,Zaxon Castle,castle,,
,,,Zaxon,Zaxon,temple,,
,,,Zaxon,Zaxon,city,,
,,,Zaxon,Zagan,city,,
,,,Roztoka,Roztoka,tribal,,
,,,Roztoka,Roztoka,temple,,
,,,Roztoka,Roztoka,city,0,
,,,Roztoka,Bolkow,temple,0,
,,,Jawor,Jawor,tribal,,
,,,Jawor,Jawor,temple,0,
,,,Jawor,Jawor,city,0,
,,,Goplo,Goplo,tribal,,
,,,Goplo,Goplo,temple,0,
,,,Goplo,Goplo,city,0,
,,,Goplo,Lubin,city,0,
,,,Thove,Thove Castle,castle,,
,,,Thove,Thove,temple,,
,,,Thove,Thove,city,,
,,,Thove,Rybnik,temple,0,
,,,Nysa,Nysa,tribal,,
,,,Nysa,Nysa,temple,,
,,,Nysa,Nysa,city,0,
,,,Prudnice,Prudnice,tribal,,
,,,Prudnice,Prudnice,temple,,
,,,Prudnice,Prudnice,city,0,
,,,Truso,Truso,tribal,,
,,,Truso,Lubliniec,temple,,
,,,Sosnowiec,Sosnowiec,tribal,,
,,,Sosnowiec,Gliwice,temple,0,
,,,Sailane,Sailane Castle,castle,,
,,,Sailane,Sailane,temple,,
,,,Sailane,Sailane,city,,
,,,Rawa,Rawa,tribal,,
,,,Rawa,Rawa,temple,,
,,,Rawa,Rawa,city,0,
,,,Rawa,Wolow,city,0,
,,,Brynice,Brynice,tribal,,
,,,Brynice,Brynice,temple,,
,,,Brynice,Brynice,city,0,
,,,Brynice,Nowa Ruda,city,0,
,,,Lubeck,Lubeck Castle,castle,,
,,,Lubeck,Lubeck,temple,,
,,,Lubeck,Lubeck,city,,
,,,Lubeck,Holstentor,city,,
,,,Lubeck,Burgtor,city,,
,,,Lubeck,Aldstat,castle,0,
,,,Luban,Luban,tribal,,
,,,Luban,Luban,temple,0,
,,,Luban,Luban,city,0,
,,,Luban,Zielona Gora,city,0,
,,,Grodkow,Grodkow,tribal,,
,,,Grodkow,Grodkow,temple,0,
,,,Grodkow,Grodkow,city,0,
Isaach ? Biblical misspellings!,,,Isaach,Isaach Castle,castle,,
,,,Isaach,Isaach,temple,,
,,,Isaach,Isaach,city,,
,,,Isaach,Avrame,city,,
,,,Isaach,Saraigh,castle,0,
,,,Isaach,Eliezere,temple,0,
,,,Jacobe,Jacobe,castle,,
,,,Jacobe,Jacobe,temple,,
,,,Jacobe,Jacobe,city,,
,,,Easaw,Easaw,castle,,
,,,Easaw,Easaw,temple,,
,,,Easaw,Easaw,city,,
,,,Easaw,Judithe,temple,0,
,,,Rebehkah,Rebehkah,castle,,
,,,Rebehkah,Rebehkah,temple,,
,,,Rebehkah,Rebehkah,city,,
,,,Basematt,Basematt,castle,,
,,,Basematt,Basematt,temple,,
,,,Basematt,Basematt,city,,
Rivough ? locations near Rvo in Azerbaijan,,,Rivough,Rivough Castle,castle,,
,,,Rivough,Rivough,temple,,
,,,Rivough,Rivough,city,,
,,,Rivough,Vilvan,castle,0,
,,,Rivough,Diryan,castle,0,
,,,Siyabli,Siyabli,castle,,
,,,Siyabli,Siyabli,temple,,
,,,Siyabli,Siyabli,city,,
,,,Siyabli,Hirkan,castle,0,
,,,Mollakend,Mollakend,castle,,
,,,Mollakend,Mollakend,temple,,
,,,Mollakend,Mollakend,city,,
,,,Tatoba,Tatoba,castle,,
,,,Tatoba,Tatoba,temple,,
,,,Tatoba,Tatoba,city,,
,,,Kosalar,Kosalar,castle,,
,,,Kosalar,Kosalar,temple,,
,,,Kosalar,Kosalar,city,,
Sophara ? locations in/near Sofara in Africa,,,Sophara,Sophara Castle,castle,,
,,,Sophara,Sophara,temple,,
,,,Sophara,Sophara,city,,
,,,Sophara,Fakala,castle,0,
,,,Degou,Degou,castle,,
,,,Degou,Degou,temple,,
,,,Baratou,Baratou,castle,,
,,,Baratou,Baratou,temple,,
,,,Baratou,Baratou,city,,
,,,Kankelena,Kankelena,castle,,
,,,Kankelena,Kankelena,temple,,
,,,Kankelena,Kankelena,city,,
,,,Mansaba,Mansaba,castle,,
,,,Mansaba,Mansaba,temple,,
,,,Mansaba,Mansaba,city,,
Ganeishire ? places in Denbighshire Wales,,,Ganeishire,Ganeishire Castle,castle,,
,,,Ganeishire,Ganeishire,temple,,
,,,Ganeishire,Ganeishire,city,,
,,,Ganeishire,Denbigh,castle,,
,,,Abergele,Abergele,castle,,
,,,Abergele,Abergele,temple,,
,,,Abergele,Abergele,city,,
,,,Abergele,Llanrwst,temple,,
,,,Mochdre,Mochdre,castle,,
,,,Mochdre,Mochdre,temple,,
,,,Mochdre,Mochdre,city,,
,,,Llangollen,Llangollen,castle,,
,,,Llangollen,Llangollen,temple,,
,,,Llangollen,Llangollen,city,,
,,,Ruthin,Ruthin,castle,,
,,,Ruthin,Ruthin,city,0,
Tirnanog ? names related to Tir nan og from Irish myth,,,Tirnanog,Tirnanog Castle,castle,,
,,,Tirnanog,Tirnanog,temple,,
,,,Tirnanog,Tirnanog,city,,
,,,Tirnanog,Ildathach,castle,0,
,,,Tirnanog,Emainablach,castle,0,
,,,Tirtairngire,Tirtairngire,tribal,,
,,,Tirtairngire,Tirtairngire,temple,0,
,,,Tirtairngire,Tirtairngire,city,0,
,,,Magmell,Magmell,tribal,,
,,,Magmell,Magmell,temple,0,
,,,Magmell,Magmell,city,0,
,,,Tirfothuinn,Tirfothuinn,tribal,,
,,,Tirfothuinn,Tirfothuinn,temple,0,
,,,Tirfothuinn,Tirfothuinn,city,0,
,,,Tirfothuinn,Emne,temple,0,
Leonster ? titles in vanilla CK2 near the county,,,Leonster,Leonster Castle,castle,,
,,,Leonster,Leonster,temple,,
,,,Leonster,Leonster,city,,
,,,Leonster,Ceatharlach,city,,
,,,Leonster,Leithghlinn,city,,
,,,Leonster,Mide,castle,0,
,,,Norden,Fort Norden,castle,,
,,,Norden,Norden,temple,,
,,,Norden,Norden,city,,
,,,Norden,Laigin,city,0,
,,,Melfiye,Melfiye,castle,,
,,,Melfiye,Melfiye,temple,,
,,,Melfiye,Melfiye,city,,
,,,Melfiye,Gleann Da Loch,city,0,
,,,Solwood,Solwood,temple,,
,,,Solwood,Solwood,castle,,
,,,Solwood,Solwood,city,,
,,,Mide,Mide,castle,,
,,,Mide,Mide,temple,,
,,,Mide,Mide,city,,
,,,Osraige,Osraige,castle,,
,,,Osraige,Osraige,temple,,
,,,Osraige,Osraige,city,,
,,,Osraige,Gabhran,city,0,
,,,Osraige,Callainn,city,0,
Alster ? titles in vanilla CK2 near the county,,,Alster,Alster Castle,castle,,
,,,Alster,Alster,temple,,
,,,Alster,Alster,city,,
,,,Alster,Dun Sobhairce,castle,0,
,,,Dakia,Dakia,castle,,
,,,Dakia,Dandelion,city,,
,,,Dakia,Druim Mor,temple,0,
,,,Gartan,Gartan,castle,,
,,,Gartan,Dun Libhse,temple,0,
,,,Clochar,Clochar,castle,,
,,,Clochar,Clochar,temple,,
,,,Clochar,Clochar,city,,
,,,Latharna,Latharna,castle,,
,,,Latharna,Latharna,temple,,
,,,Latharna,Latharna,city,,
,,,Latharna,Inbhear Beg,temple,0,
,,,Latharna,Con Doire,city,0,
,,,Airgialla,Airgialla,castle,,
,,,Airgialla,Airgialla,temple,,
,,,Airgialla,Airgialla,city,,
Conote ? titles in vanilla CK2 near the county,,,Conote,Conote Castle,castle,,
,,,Conote,Conote,temple,,
,,,Conote,Conote,city,,
,,,Conote,Ail Finn,city,,
,,,Breifne,Breifne,castle,,
,,,Breifne,Breifne,temple,,
,,,Breifne,Breifne,city,,
,,,Breifne,Ardachadh,castle,0,
,,,Liatroim,Liatroim,castle,,
,,,Liatroim,Liatroim,temple,,
,,,Liatroim,Liatroim,city,,
,,,Liatroim,Cill Mhor,city,0,
Manster ? titles in vanilla CK2 near the county,,,Manster,Manster Castle,castle,,
,,,Manster,Manster,temple,,
,,,Manster,Manster,city,,
,,,Manster,Tuadhmhumhain,city,0,
,,,Danzich,Fort Danzich,castle,,
,,,Danzich,Danzich,temple,,
,,,Danzich,Danzich,city,,
,,,Danzich,Danzig,castle,0,
,,,Kelves,Fort Kelves,castle,,
,,,Kelves,Kelves,temple,,
,,,Kelves,Kelves,city,,
,,,Kelves,Bun na Raite,castle,0,
,,,Adare,Adare,castle,,
,,,Adare,Adare,temple,,
,,,Adare,Adare,city,,
,,,Luimneach,Luimneach,castle,,
,,,Luimneach,Luimneach,temple,,
,,,Luimneach,Luimneach,city,,
Places near Melrose?,,,Melgln,Melgln Castle,castle,,
,,,Melgln,Melgln,temple,,
,,,Melgln,Melgln,city,0,
,,,Melgln,Salcraig,castle,0,
,,,Dungot,Dungot,tribal,,
,,,Dungot,Dungot,temple,0,
,,,Dungot,Dungot,city,0,
,,,Tahra,Tahra Castle,castle,,
,,,Tahra,Tahra,city,,
,,,Tahra,Tahra,temple,,
,,,Tahra,Maol Ros,city,0,
,,,Tahra,Tobar na Mac,city,0,
,,,Frest,Frest,temple,,
,,,Frest,Frest,castle,,
,,,Frest,Frest,city,,
,,,Frest,Baile na h-Cearc,city,0,
,,,Frest,Srath Bhalgaidh,city,0,
,,,Frest,An Eaglais Bhreac,city,0,
Names from d_thrace,,,Thracia,Thracia Castle,castle,,
,,,Thracia,Thracia,city,,
,,,Thracia,Thracia,temple,,
,,,Thracia,Deuteron,castle,,
,,,Thracia,Heieron,castle,,
,,,Thracia,Thrake,castle,0,
,,,Verissa,Verissa,castle,,
,,,Verissa,Verissa,city,,
,,,Verissa,Verissa,temple,,
,,,Verissa,Sestus,castle,0,
,,,Deleus,Deleus,tribal,,
,,,Deleus,Deleus,temple,0,
,,,Deleus,Deleus,city,0,
,,,Galata,Galata,tribal,,
,,,Galata,Galata,temple,0,
,,,Galata,Galata,city,0,
,,,Madyta,Madyta,tribal,,
,,,Madyta,Madyta,temple,0,
,,,Madyta,Madyta,city,0,
Names from d_thrace,,,Kapathogia,Kapathogia,castle,,
,,,Kapathogia,Kapathogia,city,,
,,,Kapathogia,Kapathogia,temple,,
,,,Kapathogia,Rhaidestos,castle,0,
,,,Heraclea,Heraclea,castle,,
,,,Heraclea,Heraclea,city,,
,,,Heraclea,Heraclea,temple,,
,,,Panidos,Panidos,castle,,
,,,Panidos,Panidos,city,,
,,,Panidos,Panidos,temple,,
,,,Dandrum,Dandrum Fortress,castle,,
,,,Dandrum,Dandrum,city,,
,,,Dandrum,Dandrum,temple,,
,,,Mount Violdrake,Fort Violdrake,castle,,
,,,Mount Violdrake,Barca,city,,
,,,Mount Violdrake,Violdrake,temple,0,
,,,Noel,Noel,tribal,,
,,,Noel,Noel,temple,0,
Meace ? titles in vanilla CK2 near Meath,,,Meace,Meace Castle,castle,,
,,,Meace,Meace,city,,
,,,Meace,Meace,temple,,
,,,Meace,Dubhlinn,castle,0,
,,,Fionnghlas,Fionnghlas,tribal,,
,,,Fionnghlas,Fionnghlas,temple,0,
,,,Ailinne,Ailinne,tribal,,
,,,Ailinne,Ailinne,temple,0,
,,,Daru,Daru,castle,,
,,,Daru,Daru,city,,
,,,Daru,Daru,temple,,
Names from d_thrace,,,Luthecia,Luthecia Castle,castle,,
,,,Luthecia,Luthecia,city,,
,,,Luthecia,Luthecia,temple,,
,,,Luthecia,Vlanga,castle,,
,,,Lysimachia,Lysimachia,castle,,
,,,Lysimachia,Lysimachia,city,,
,,,Lysimachia,Lysimachia,temple,,
,,,Selymbria,Selymbria,tribal,,
,,,Selymbria,Selymbria,temple,0,
,,,Selymbria,Selymbria,city,0,
,,,Blachernae,Blachernae,tribal,,
,,,Blachernae,Blachernae,temple,0,
,,,Blachernae,Blachernae,city,0,
Names from d_thrace,,,Grutia,Grutia Castle,castle,,
,,,Grutia,Grutia,city,,
,,,Grutia,Grutia,temple,,
,,,Syrallum,Syrallum,castle,,
,,,Syrallum,Syrallum,city,,
,,,Syrallum,Syrallum,temple,,
,,,Aulaeitichus,Aulaeitichus,castle,,
,,,Aulaeitichus,Aulaeitichus,city,,
,,,Aulaeitichus,Aulaeitichus,temple,,
,,,Gallipoli,Gallipoli,castle,,
,,,Gallipoli,Gallipoli,city,,
,,,Gallipoli,Gallipoli,temple,,
,,,Chariopolis,Chariopolis,castle,,
,,,Chariopolis,Chariopolis,city,,
,,,Chariopolis,Chariopolis,temple,,
Places in and north of Iss use Irish names ? think Fiana Freeblades.,,,Iss,Iss,castle,,
,,,Iss,Iss,city,,
,,,Iss,Iss,temple,,
,,,Iss,Inis,city,,
,,,Fiana,Fiana,castle,,
,,,Fiana,Fiana,city,,
,,,Fiana,Fiana,temple,,
,,,Fiana,Pempton,city,0,
,,,Eochaill,Eochaill,tribal,,
,,,Eochaill,Eochaill,temple,0,
,,,Eochaill,Eochaill,city,0,
Duchy is just named Savan since Shiva says he's from there and I don't have a better idea for what it could be. County/holding names are still Irish.,,,Savan,Savan,tribal,,
,,,Savan,Savan,temple,0,
,,,Savan,Savan,city,0,
,,,Savan,Imleach,castle,0,
,,,Aonach,Aonach,tribal,,
,,,Aonach,Aonach,temple,0,
,,,Aonach,Aonach,city,0,
,,,Caiseal,Caiseal,tribal,,
,,,Caiseal,Caiseal,temple,0,
,,,Caiseal,Caiseal,city,0,
,,,Iubhair,Iubhair,tribal,,
,,,Iubhair,Iubhair,temple,0,
,,,Iubhair,Iubhair,city,0,
Verdane ? places near Verdun,,,Verdane,Verdane Castle,castle,,
,,,Verdane,Verdane,city,,
,,,Verdane,Verdane,temple,,
,,,Verdane,Wirten,castle,0,
,,,Verdane,Grandpre,castle,0,
,,,Stenay,Stenay,tribal,,
,,,Stenay,Stenay,temple,0,
,,,Stenay,Stenay,city,0,
,,,Stenay,Barlecomte,city,0,
,,,Etain,Etain,tribal,,
,,,Etain,Etain,temple,0,
,,,Etain,Etain,city,0,
,,,Longuyon,Longuyon,tribal,,
,,,Longuyon,Longuyon,temple,0,
,,,Longuyon,Longuyon,city,0,
Marpha ? Marpha district in Nepal,,,Marpha,Marpha Castle,castle,,
,,,Marpha,Marpha,city,,
,,,Marpha,Marpha,temple,,
,,,Spirit Forest,Muktinath,tribal,,
,,,Spirit Forest,Surkhang,city,,
,,,Spirit Forest,Spirit Forest,temple,,
,,,Spirit Forest,Charang,temple,0,
,,,Kagbeni,Kagbeni,tribal,,
,,,Kagbeni,Kagbeni,temple,0,
,,,Kagbeni,Kagbeni,city,0,
,,,Kagbeni,Kunjo,temple,0,
,,,Dhami,Dhami,tribal,,
,,,Dhami,Dhami,city,,
,,,Dhami,Dhami,temple,0,
,,,Dhami,Surkhang,city,0,
,,,Lete,Lete,tribal,,
,,,Lete,Lete,city,0,
,,,Lete,Lete,temple,0,
Genoa ? the city in Italy,,,Genoa,Genoa Castle,castle,,
,,,Genoa,Genoa,temple,,
,,,Genoa,Genoa,city,,
,,,Genoa,Chiavari,castle,0,
,,,Genoa,Fosdinovo,city,0,
,,,Genoa,Novellara,temple,0,
,,,Rapallo,Rapallo,tribal,,
,,,Rapallo,Rapallo,temple,0,
,,,Rapallo,Rapallo,city,0,
,,,Rapallo,Mirandola,castle,0,
,,,Rapallo,Sabbioneta,city,0,
,,,Savona,Savona,tribal,,
,,,Savona,Savona,temple,0,
,,,Savona,Savona,city,0,
,,,Savona,Ventimiglia,castle,0,
,,,Albenga,Albenga,tribal,,
,,,Albenga,Albenga,city,0,
,,,Albenga,Albenga,temple,0,
Communes_of_the_Jura_department,,,Evans,Evans Castle,castle,,
,,,Evans,Evans,temple,,
,,,Evans,Evans,city,,
,,,Evans,Grann,castle,0,
,,,Evans,Yudu,castle,0,
,,,Evans,Jun,castle,0,
,,,Evans,Rom,castle,0,
,,,Augea,Augea,tribal,,
,,,Augea,Augea,temple,0,
,,,Augea,Augea,city,0,
,,,Augea,Chamole,castle,0,
,,,Nogna,Nogna,tribal,,
,,,Nogna,Nogna,temple,0,
,,,Nogna,Nogna,city,0,
,,,Gizia,Gizia,tribal,,
,,,Gizia,Gizia,temple,0,
,,,Gizia,Gizia,city,0,
,,,Gizia,Our,castle,0,
Miletus in Greece,,,Miletos,Miletos Castle,castle,,
,,,Miletos,Miletos,temple,,
,,,Miletos,Miletos,city,,
,,,Miletos,Miletus,castle,0,
,,,Magnesia,Magnesia,castle,,
,,,Magnesia,Magnesia,temple,,
,,,Magnesia,Magnesia,city,,
,,,Magnesia,Lebedos,city,0,
,,,Palation,Palation,castle,,
,,,Palation,Palation,temple,,
,,,Palation,Palation,city,,
,,,Palation,Palat,castle,0,
,,,Chronos,Chronos Castle,castle,,
,,,Chronos,Chronos,temple,,
,,,Chronos,Chronos,city,,
,,,Saeculum,Saeculum,castle,,
,,,Saeculum,Saeculum,temple,,
,,,Saeculum,Saeculum,city,,
,,,Aevum,Aevum,castle,,
,,,Aevum,Aevum,temple,,
,,,Aevum,Aevum,city,,
,,,Aevum,Aion,city,0,
Rada in Sweden,,,Rada,Rada Castle,castle,,
,,,Rada,Rada,temple,,
,,,Rada,Rada,city,,
,,,Rada,Bergsang,city,0,
,,,Hagfors,Hagfors,castle,,
,,,Hagfors,Hagfors,temple,,
,,,Hagfors,Hagfors,city,,
,,,Sunnemo,Sunnemo,castle,,
,,,Sunnemo,Sunnemo,temple,,
,,,Sunnemo,Sunnemo,city,,
,,,Peruluke,Peruluke Castle,castle,,
,,,Peruluke,Peruluke,temple,,
,,,Peruluke,Peruluke,city,,
,,,Tralles,Tralles,tribal,,
,,,Tralles,Tralles,temple,0,
,,,Tralles,Tralles,city,0,
,,,Iassos,Iassos,tribal,,
,,,Iassos,Iassos,temple,0,
,,,Iassos,Iassos,city,0,
Orgahil uses names related to ogres or authors who wrote about them,,,Orgahil,Orgahil,castle,,
,,,Orgahil,Orgahil,temple,0,
,,,Orgahil,Orgahil,city,0,
,,,Detroyes,Detroyes,tribal,,
,,,Detroyes,Detroyes,temple,0,
,,,Detroyes,Detroyes,city,0,
,,,Pulci,Pulci,tribal,,
,,,Pulci,Pulci,temple,0,
,,,Pulci,Pulci,city,0,
,,,Perrault,Perrault,tribal,,
,,,Perrault,Perrault,city,0,
,,,Daulnoy,Daulnoy,tribal,,
,,,Daulnoy,Daulnoy,city,0,
,,,Basile,Basile,tribal,,
,,,Basile,Blagi Tower,temple,,
,,,Uberti,Uberti,tribal,,
,,,Uberti,Uberti,city,,
,,,Uberti,Uberti,temple,0,
Names related to the Irish god Aed,,,Yied,Yied Shrine,castle,,
,,,Yied,Yied,temple,,
,,,Yied,Yied,city,0,
,,,Yied,Conn Cetchathach,temple,0,
,,,Aed,Aed,tribal,,
,,,Aed,Aed,temple,0,
,,,Aed,Aed,city,0,
,,,Lir,Lir,tribal,,
,,,Lir,Lir,temple,0,
,,,Lir,Lir,city,0,
,,,Aodh,Aodh,tribal,,
,,,Aodh,Aodh,temple,0,
,,,Aodh,Aodh,city,0,
,,,Aoibh,Aoibh,tribal,,
,,,Aoibh,Aoibh,temple,0,
,,,Aoibh,Aoibh,city,0,
,,,Darna,Darna Fortress,castle,,
,,,Darna,Darna,temple,,
,,,Darna,Darna,city,,
,,,Darna,Danann,castle,0,
,,,Darna,Aes Dana,castle,0,
,,,Murias,Murias,tribal,,
,,,Murias,Murias,temple,0,
,,,Murias,Murias,city,0,
,,,Gorias,Gorias,tribal,,
,,,Gorias,Gorias,temple,0,
,,,Gorias,Gorias,city,0,
,,,Anu,Anu,tribal,,
,,,Anu,Anu,temple,0,
,,,Anu,Anu,city,0,
,,,Anu,Nemed,castle,0,
,,,Finias,Finias,tribal,,
,,,Finias,Finias,temple,0,
,,,Finias,Finias,city,0,
,,,Finias,Nimeth,castle,0,
,,,Falias,Falias,tribal,,
,,,Falias,Falias,temple,0,
,,,Falias,Falias,city,0,
Phinora ? names of oases. Oasises?,,,Phinora,Phinora,castle,,
,,,Phinora,Phinora,city,,
,,,Phinora,Phinora,temple,0,
,,,Phinora,Phinopolis,city,0,
,,,Kharga,Kharga,tribal,,
,,,Kharga,Kharga,temple,0,
,,,Kharga,Kharga,city,0,
,,,Siwa,Siwa,tribal,,
,,,Siwa,Siwa,temple,0,
,,,Siwa,Siwa,city,0,
,,,Dahkla,Dahkla,tribal,,
,,,Dahkla,Dahkla,temple,0,
,,,Dahkla,Dahkla,city,0,
,,,Dahkla,Fayyum,castle,0,
,,,Farafra,Farafra,tribal,,
,,,Farafra,Farafra,temple,0,
,,,Farafra,Farafra,city,0,
,,,Bahariya,Bahariya,tribal,,
,,,Bahariya,Bahariya,temple,0,
,,,Bahariya,Bahariya,city,0,
,,,Balor,Balor,tribal,,
,,,Black Temple,Balor,temple,,
,,,Balor,Balor,city,0,
,,,Elatha,Elatha,tribal,,
,,,Elatha,Elatha,temple,0,
,,,Elatha,Elatha,city,0,
,,,Eladha,Elatha,temple,0,
,,,Tethra,Tethra,tribal,,
,,,Tethra,Tethra,temple,0,
,,,Tethra,Tethra,city,0,
,,,Orna,Tethra,castle,,
,,,Cichol,Cichol,tribal,,
,,,Cichol,Cichol,temple,0,
,,,Cichol,Cichol,city,0,
,,,Conand,Conand,tribal,,
,,,Conand,Conand,temple,0,
,,,Conand,Conand,city,0,
,,,Conann,Conand,temple,0,
,,,Nelaras,Nelaras,tribal,,
,,,Nelaras,Nelaras,temple,0,
,,,Nelaras,Nelaras,city,0,
,,,Kisthene ,Kisthene ,tribal,,
,,,Kisthene ,Kisthene ,temple,0,
,,,Kisthene ,Kisthene ,city,0,
,,,Kydonies,Kydonies,tribal,,
,,,Kydonies,Kydonies,temple,,
,,,Ayvalik,Ayvalik,tribal,,
,,,Ayvalik,Ayvalik,temple,0,
,,,Ayvalik,Ayvalik,city,0,
,,,Grado Keep,Grado,castle,,
,,,Grado,Grado,temple,,
,,,Grado,Grado,city,,
,,,Grau,Grado,castle,,
,,,Cimagrau,Grado,castle,,
,,,Rozallana,Grado,castle,,
,,,Borbolla,Borbolla,castle,,
,,,Borbolla,Borbolla,temple,,
,,,Borbolla,Borbolla,city,,
,,,Lodos,Borbolla,castle,,
,,,Barraca,Barraca,castle,,
,,,Barraca,Barraca,temple,,
,,,Barraca,Barraca,city,,
,,,Robledo,Barraca,castle,,
,,,Portiella,Portiella,castle,,
,,,Portiella,Portiella,temple,,
,,,Portiella,Portiella,city,,
,,,Pedrouco,Portiella,city,,
,,,Terrero,Portiella,castle,0,
,,,Foyaca,Portiella,castle,0,
,,,Pereda,Pereda,castle,,
,,,Pereda,Pereda,temple,,
,,,Pereda,Pereda,city,,
,,,Fueja,Pereda,castle,0,
,,,Moutas,Moutas,castle,,
,,,Moutas,Moutas,temple,,
,,,Moutas,Moutas,city,,
,,,Picaroso,Moutas,castle,0,
,,,Cabanin,Cabanin,castle,,
,,,Cabanin,Cabanin,temple,,
,,,Cabanin,Cabanin,city,,
,,,Bustiello,Cabanin,city,0,
,,,Aguera,Aguera,castle,,
,,,Aguera,Aguera,temple,,
,,,Aguera,Aguera,city,,
,,,Tolinas,Tolinas,castle,,
,,,Tolinas,Tolinas,temple,,
,,,Tolinas,Tolinas,city,,
,,,Barreiros,Barreiros,castle,,
,,,Barreiros,Barreiros,temple,,
,,,Barreiros,Barreiros,city,,
,,,Canedo,Canedo,castle,,
,,,Canedo,Canedo,temple,,
,,,Canedo,Canedo,city,,
,,,Cabana,Canedo,city,0,
,,,Bercio,Bercio,castle,,
,,,Bercio,Bercio,temple,,
,,,Bercio,Bercio,city,,
,,,Cabrunana,Bercio,castle,0,
,,,Tresmuria,Tresmuria,castle,,
,,,Tresmuria,Tresmuria,temple,,
,,,Tresmuria,Tresmuria,city,,
,,,Somines,Tresmuria,castle,0,
,,,Vallina,Vallina,castle,,
,,,Vallina,Vallina,temple,,
,,,Vallina,Vallina,city,,
,,,Vigana,Vigana,castle,,
,,,Vigana,Vigana,temple,,
,,,Vigana,Vigana,city,,
,,,Correidoria,Correidoria,castle,,
,,,Correidoria,Correidoria,temple,,
,,,Correidoria,Correidoria,city,,
,,,Bellota,Correidoria,castle,0,
,,,Pedreu,Pedreu,castle,,
,,,Pedreu,Pedreu,temple,,
,,,Pedreu,Pedreu,city,,
,,,Dorou,Dorou,castle,,
,,,Dorou,Dorou,temple,,
,,,Veiga,Veiga,castle,,
,,,Veiga,Veiga,temple,,
,,,Caldoveiro,Caldoveiro,castle,,
,,,Caldoveiro,Caldoveiro,temple,,
,,,Caldoveiro,Caldoveiro,city,,
,,,Vistalegre,Caldoveiro,city,0,
,,,Macetes,Macetes,castle,,
,,,Macetes,Macetes,temple,,
,,,Macetes,Macetes,city,,
,,,Noceda,Noceda,castle,,
,,,Noceda,Noceda,temple,,
,,,Noceda,Noceda,city,,
,,,Tronca,Tronca,castle,,
,,,Tronca,Tronca,temple,,
,,,Tronca,Tronca,city,,
,,,Alvare,Alvare,castle,,
,,,Alvare,Alvare,temple,,
,,,Alvare,Alvare,city,,
,,,Novales,Novales,castle,,
,,,Novales,Novales,temple,,
,,,Novales,Novales,city,,
,,,Gurulles,Novales,city,,
,,,Fornos,Fornos,castle,,
,,,Fornos,Fornos,temple,,
,,,Fornos,Fornos,city,,
,,,Bondello,Bondello,castle,,
,,,Bondello,Bondello,temple,,
,,,Bondello,Bondello,city,,
,,,Caborna,Bondello,castle,0,
,,,Caridad,Caridad,castle,,
,,,Caridad,Caridad,temple,,
,,,Caridad,Caridad,city,,
,,,Albul,Albul,castle,,
,,,Albul,Albul,temple,,
,,,Albul,Albul,city,,
,,,Garaba,Albul,castle,,
,,,Merin,Merin,castle,,
,,,Merin,Merin,temple,,
,,,Merin,Merin,city,,
,,,Alcubiella,Alcubiella,castle,,
,,,Alcubiella,Alcubiella,temple,,
,,,Alcubiella,Alcubiella,city,,
,,,Momalo,Alcubiella,castle,,
,,,Rodaco,Rodaco,castle,,
,,,Rodaco,Rodaco,temple,,
,,,Rodaco,Rodaco,city,,
,,,Castle Renvall,Renvall,castle,,
,,,Renvall,Renvall,temple,,
,,,Pelayo,Pelayo,castle,,
,,,Pelayo,Pelayo,temple,,
,,,Pelayo,Pelayo,city,,
,,,Rozadas,Pelayo,castle,0,
,,,Prioto,Prioto,castle,,
,,,Prioto,Prioto,temple,,
,,,Prioto,Prioto,city,,
,,,Peridiello,Prioto,castle,0,
,,,Formiguera,Prioto,castle,0,
,,,Rellan,Rellan,castle,,
,,,Rellan,Rellan,temple,,
,,,Rellan,Rellan,city,,
,,,Reconco,Rellan,castle,,
,,,Rodiles,Rellan,castle,0,
,,,Adlas,Adlas,tribal,,
,,,Adlas,Adlas,city,,
,,,Adlas,Adlas,temple,0,
,,,Arellanes,Adlas,temple,0,
,,,Silva,Silva,tribal,,
,,,Silva,Silva,temple,,
,,,Silva,Silva,city,0,
,,,Barreu,Silva,city,0,
,,,Barredo,Barredo,tribal,,
,,,Barredo,Barredo,temple,0,
,,,Barredo,Barredo,city,0,
,,,Corros,Corros,tribal,,
,,,Corros,Corros,temple,0,
,,,Corros,Corros,city,0,
,,,Piedra,Piedra,tribal,,
,,,Piedra,Piedra,temple,0,
,,,Piedra,Piedra,city,0,
,,,Fuecara,Piedra,temple,0,
,,,Taizel,Taizel,castle,,
,,,Taizel,Taizel,temple,,
,,,Taizel,Taizel,city,,
,,,Acebedo,Taizel,city,,
,,,Linar,Taizel,city,0,
,,,Rozallana,Rozallana,castle,,
,,,Rozallana,Rozallana,temple,,
,,,Rozallana,Rozallana,city,,
,,,Tejera,Rozallana,city,0,
,,,Ordaliegas,Rozallana,city,0,
,,,Cabayeda,Cabayeda,castle,,
,,,Cabayeda,Cabayeda,temple,,
,,,Cabayeda,Cabayeda,city,,
,,,Capitulo,Cabayeda,city,,
,,,Campusa,Campusa,castle,,
,,,Campusa,Campusa,temple,,
,,,Campusa,Campusa,city,,
,,,Villandas,Villandas,castle,,
,,,Villandas,Villandas,temple,,
,,,Villandas,Villandas,city,,
,,,Seaza,Seaza,castle,,
,,,Seaza,Seaza,temple,,
,,,Seaza,Seaza,city,,
,,,Ambas,Ambas,castle,,
,,,Ambas,Ambas,temple,,
,,,Ambas,Ambas,city,,
,,,Cubia,Cubia,castle,,
,,,Cubia,Cubia,temple,,
,,,Cubia,Cubia,city,,
,,,Tablao,Tablao,castle,,
,,,Tablao,Tablao,temple,,
,,,Tablao,Tablao,city,,
,,,Rubiano,Rubiano,castle,,
,,,Rubiano,Rubiano,temple,,
,,,Rubiano,Rubiano,city,,
,,,Campamojada,Rubiano,castle,0,
,,,Calea,Calea,castle,,
,,,Calea,Calea,temple,,
,,,Calea,Calea,city,,
,,,Sobrepena,Calea,city,0,
,,,Morada,Morada,castle,,
,,,Morada,Morada,temple,,
,,,Morada,Morada,city,,
,,,Bethroen,Bethroen,castle,,
,,,Bethroen,Bethroen,temple,,
,,,Bethroen,Bethroen,city,,
,,,Molenes,Bethroen,castle,0,
,,,Villaldin,Bethroen,city,0,
,,,Reglal,Reglal,castle,,
,,,Reglal,Reglal,temple,,
,,,Reglal,Reglal,city,,
,,,Regeural,Reglal,city,0,
,,,Entelvalle,Entelvalle,castle,,
,,,Entelvalle,Entelvalle,temple,,
,,,Entelvalle,Entelvalle,city,,
,,,Triapena,Triapena,castle,,
,,,Triapena,Triapena,temple,,
,,,Triapena,Triapena,city,,
,,,Castanedo,Castanedo,castle,,
,,,Castanedo,Castanedo,temple,,
,,,Castanedo,Castanedo,city,,
,,,Trillapena,Castanedo,city,0,
,,,Bravuco,Bravuco,castle,,
,,,Bravuco,Bravuco,temple,,
,,,Bravuco,Bravuco,city,,
,,,Villamarin,Bravuco,city,0,
,,,Matiega,Matiega,castle,,
,,,Matiega,Matiega,temple,,
,,,Matiega,Matiega,city,,
,,,Morana,Morana,castle,,
,,,Morana,Morana,temple,,
,,,Morana,Morana,city,,
,,,Villapanada,Morana,city,0,
,,,Bayo,Bayo,tribal,,
,,,Bayo,Bayo,temple,0,
,,,Bayo,Bayo,city,0,
,,,Caleya,Caleya,tribal,,
,,,Caleya,Caleya,temple,0,
,,,Caleya,Caleya,city,0,
,,,Cadenado,Cadenado,tribal,,
,,,Cadenado,Cadenado,temple,0,
,,,Cadenado,Cadenado,city,0,
,,,Fort Rigwald,Rigwald,castle,,
,,,Rigwald,Rigwald,temple,,
,,,Rigwald,Rigwald,city,,
,,,Barzana,Rigwald,castle,,
,,,Sienra,Rigwald,castle,0,
,,,Gorrion,Gorrion,castle,,
,,,Gorrion,Gorrion,temple,,
,,,Gorrion,Gorrion,city,,
,,,Condesa,Condesa,castle,,
,,,Condesa,Condesa,temple,,
,,,Condesa,Condesa,city,,
,,,Castle Frelia,Frelia,castle,,
,,,Frelia,Frelia,temple,,
,,,Frelia,Frelia,city,,
,,,Redinha,Frelia,castle,,
,,,Usseira,Frelia,city,,
,,,Almagreira,Frelia,city,0,
,,,Vidais,Vidais,castle,,
,,,Vidais,Vidais,temple,,
,,,Vidais,Vidais,city,,
,,,Meirinhas,Vidais,castle,0,
,,,Caldas,Caldas,castle,,
,,,Caldas,Caldas,temple,,
,,,Caldas,Caldas,city,,
,,,Carnide,Caldas,city,,
,,,Turquel,Caldas,castle,0,
,,,Alvorinha,Alvorinha,castle,,
,,,Alvorinha,Alvorinha,temple,,
,,,Alvorinha,Alvorinha,city,,
,,,Cumeira,Cumeira,tribal,,
,,,Cumeira,Cumeira,temple,,
,,,Cumeira,Cumeira,city,0,
,,,Barrosa,Barrosa,tribal,,
,,,Barrosa,Barrosa,temple,0,
,,,Nadadouro,Nadadouro,tribal,,
,,,Nadadouro,Nadadouro,temple,0,
,,,Nadadouro,Nadadouro,city,0,
,,,Cercas,Cercas,tribal,,
,,,Cercas,Cercas,temple,0,
,,,Cercas,Cercas,city,0,
,,,Landal,Landal,tribal,,
,,,Landal,Landal,temple,0,
,,,Landal,Landal,city,0,
,,,Oliveirinha,Landal,city,0,
,,,Walles,Walles,tribal,,
,,,Walles,Walles,temple,,
,,,Walles,Walles,city,0,
,,,Casinhas,Walles,temple,0,
,,,Covoes,Covoes,tribal,,
,,,Covoes,Covoes,temple,0,
,,,Covoes,Covoes,city,0,
,,,Relvas,Relvas,tribal,,
,,,Relvas,Relvas,temple,0,
,,,Relvas,Relvas,city,0,
,,,Gaeiras,Relvas,temple,0,
,,,Mouraria,Mouraria,tribal,,
,,,Mouraria,Mouraria,temple,0,
,,,Mouraria,Mouraria,city,0,
,,,Valni,Valni,castle,,
,,,Tower of Valni,Valni,temple,,
,,,Valni,Valni,city,,
,,,Cruzes,Valni,temple,,
,,,Carrico,Valni,temple,0,
,,,Portela,Portela,castle,,
,,,Portela,Portela,temple,,
,,,Portela,Portela,city,,
,,,Vigia,Vigia,castle,,
,,,Vigia,Vigia,temple,,
,,,Vigia,Vigia,city,,
,,,Arrimal,Vigia,castle,,
,,,Mendiga,Vigia,temple,0,
,,,Leiria,Leiria,castle,,
,,,Leiria,Leiria,temple,,
,,,Leiria,Leiria,city,,
,,,Lourical,Leiria,city,0,
,,,Bouro,Bouro,castle,,
,,,Bouro,Bouro,temple,,
,,,Bouro,Bouro,city,,
,,,Osseira,Osseira,castle,,
,,,Osseira,Osseira,temple,,
,,,Osseira,Osseira,city,,
,,,Barrio,Osseira,city,0,
,,,Antas,Antas,castle,,
,,,Antas,Antas,temple,,
,,,Antas,Antas,city,,
,,,Batalha,Batalha,castle,,
,,,Batalha,Batalha,temple,,
,,,Batalha,Batalha,city,,
,,,Pedreiras,Batalha,city,,
,,,Eiras,Eiras,castle,,
,,,Eiras,Eiras,temple,,
,,,Eiras,Eiras,city,,
,,,Barrocas,Barrocas,castle,,
,,,Barrocas,Barrocas,temple,,
,,,Barrocas,Barrocas,city,,
,,,Corujeira,Barrocas,city,0,
,,,Mulan,Mulan,castle,,
,,,Mulan,Mulan,temple,,
,,,Mulan,Mulan,city,,
,,,Azenha,Mulan,castle,,
,,,Fialho,Mulan,castle,0,
,,,Mestras,Mestras,castle,,
,,,Mestras,Mestras,temple,,
,,,Mestras,Mestras,city,,
,,,Torcano,Mestras,castle,0,
,,,Hortas,Hortas,castle,,
,,,Hortas,Hortas,temple,,
,,,Hortas,Hortas,city,,
,,,Cabeca,Hortas,castle,0,
,,,Pinheiro,Hortas,castle,0,
,,,Nazare,Nazare,castle,,
,,,Nazare,Nazare,temple,,
,,,Nazare,Nazare,city,,
,,,Ladeiras,Nazare,city,0,
,,,Arega,Arega,castle,,
,,,Arega,Arega,temple,,
,,,Arega,Arega,city,,
,,,Aguda,Aguda,castle,,
,,,Aguda,Aguda,temple,,
,,,Aguda,Aguda,city,,
,,,Carvalhos,Aguda,city,0,
,,,Campelo,Campelo,castle,,
,,,Campelo,Campelo,temple,,
,,,Campelo,Campelo,city,,
,,,Bombarral,Bombarral,castle,,
,,,Bombarral,Bombarral,temple,,
,,,Bombarral,Bombarral,city,,
,,,Carvalhal,Bombarral,city,0,
,,,Alvados,Alvados,castle,,
,,,Alvados,Alvados,temple,,
,,,Alcaria,Alcaria,castle,,
,,,Alcaria,Alcaria,temple,,
,,,Alcaria,Alcaria,city,,
,,,Graca,Graca,castle,,
,,,Graca,Graca,temple,,
,,,Graca,Graca,city,,
,,,Rolica,Rolica,castle,,
,,,Rolica,Rolica,temple,,
,,,Rolica,Rolica,city,,
,,,Touguio,Rolica,city,0,
,,,Juncal,Juncal,castle,,
,,,Juncal,Juncal,temple,,
,,,Juncal,Juncal,city,,
,,,Pombal,Pombal,castle,,
,,,Pombal,Pombal,temple,,
,,,Pombal,Pombal,city,,
,,,Pedreirinha,Pombal,castle,,
,,,Abiul,Abiul,castle,,
,,,Abiul,Abiul,temple,,
,,,Abiul,Abiul,city,,
,,,Pelariga,Pelariga,castle,,
,,,Pelariga,Pelariga,temple,,
,,,Pelariga,Pelariga,city,,
,,,Obidos,Obidos,castle,,
,,,Obidos,Obidos,temple,,
,,,Obidos,Obidos,city,,
,,,Freiras,Obidos,castle,0,
,,,Panascosas,Obidos,castle,0,
,,,Amoreira,Amoreira,castle,,
,,,Amoreira,Amoreira,temple,,
,,,Amoreira,Amoreira,city,,
,,,Vau,Vau,castle,,
,,,Vau,Vau,temple,,
,,,Vau,Vau,city,,
,,,Osseira,Osseira,castle,,
,,,Osseira,Osseira,temple,,
,,,Osseira,Osseira,city,,
,,,Ferraria,Osseira,castle,0,
,,,Alcobaca,Alcobaca,castle,,
,,,Alcobaca,Alcobaca,temple,,
,,,Alcobaca,Alcobaca,city,,
,,,Abrunheira,Alcobaca,city,,
,,,Benedita,Benedita,castle,,
,,,Benedita,Benedita,temple,,
,,,Benedita,Benedita,city,,
,,,Vestiaria,Vestiaria,castle,,
,,,Vestiaria,Vestiaria,temple,,
,,,Vestiaria,Vestiaria,city,,
,,,Po,Vestiaria,city,0,
,,,Vimeiro,Vimeiro,castle,,
,,,Vimeiro,Vimeiro,temple,,
,,,Vimeiro,Vimeiro,city,,
,,,Marinha,Vimeiro,castle,,
,,,Maiorga,Maiorga,castle,,
,,,Maiorga,Maiorga,temple,,
,,,Maiorga,Maiorga,city,,
,,,Renais Castle,Renais,castle,,
,,,Renais,Renais,temple,,
,,,Renais,Renais,city,,
,,,Dufay,Renais,castle,,
,,,Birchois,Renais,castle,,
,,,Pilon,Pilon,castle,,
,,,Pilon,Pilon,temple,,
,,,Pilon,Pilon,city,,
,,,Busrois,Pilon,city,0,
,,,Dipre,Dipre,castle,,
,,,Dipre,Dipre,temple,,
,,,Dipre,Dipre,city,,
,,,Goujon,Goujon,castle,,
,,,Goujon,Goujon,temple,,
,,,Goujon,Goujon,city,,
,,,Delorme,Delorme,castle,,
,,,Delorme,Delorme,temple,,
,,,Delorme,Delorme,city,,
,,,Compere,Delorme,city,0,
,,,Lescot,Lescot,castle,,
,,,Lescot,Lescot,temple,,
,,,Lescot,Lescot,city,,
,,,Mouton,Lescot,city,,
,,,Fevin,Lescot,city,0,
,,,Palissy,Palissy,castle,,
,,,Palissy,Palissy,temple,,
,,,Palissy,Palissy,city,,
,,,Verdelot,Palissy,city,0,
,,,Fouquet,Fouquet,castle,,
,,,Fouquet,Fouquet,temple,,
,,,Fouquet,Fouquet,city,,
,,,Bellange,Bellange,castle,,
,,,Bellange,Bellange,temple,,
,,,Bellange,Bellange,city,,
,,,Jarequin,Bellange,castle,0,
,,,Quesnel,Quesnel,castle,,
,,,Quesnel,Quesnel,temple,,
,,,Quesnel,Quesnel,city,,
,,,Freminet,Freminet,castle,,
,,,Freminet,Freminet,temple,,
,,,Freminet,Freminet,city,,
,,,Caron,Caron,castle,,
,,,Caron,Caron,temple,,
,,,Caron,Caron,city,,
,,,Gombert,Caron,castle,,
,,,Froment,Froment,castle,,
,,,Froment,Froment,temple,,
,,,Froment,Froment,city,,
,,,Marchicourt,Froment,castle,,
,,,Colombe,Colombe,castle,,
,,,Colombe,Colombe,temple,,
,,,Colombe,Colombe,city,,
,,,Crequilon,Colombe,castle,,
,,,Bellechose,Bellechose,castle,,
,,,Bellechose,Bellechose,temple,,
,,,Bellechose,Bellechose,city,,
,,,Guodimel,Bellechose,castle,0,
,,,Aures,Aures,castle,,
,,,Aures,Aures,temple,,
,,,Aures,Aures,city,,
,,,Perreal,Perreal,castle,,
,,,Perreal,Perreal,temple,,
,,,Perreal,Perreal,city,,
,,,Fouquet,Fouquet,castle,,
,,,Fouquet,Fouquet,temple,,
,,,Fouquet,Fouquet,city,,
,,,Serafew,Serafew,castle,,
,,,Serafew,Serafew,temple,,
,,,Serafew,Serafew,city,,
,,,Lassus,Serafew,city,,
,,,Brumel,Serafew,city,,
,,,Scorel,Scorel,castle,,
,,,Scorel,Scorel,temple,,
,,,Scorel,Scorel,city,,
,,,Rogier,Scorel,city,,
,,,Floris,Floris,castle,,
,,,Floris,Floris,temple,,
,,,Floris,Floris,city,,
,,,Isenbrant,Floris,city,0,
,,,Za'ha,Za'ha Woods,castle,,
,,,Za'ha,Za'ha Woods,temple,,
,,,Za'ha,Za'ha Woods,city,,
,,,Tura,Za'ha Woods,temple,0,
,,,Marmion,Marmion,castle,,
,,,Marmion,Marmion,temple,,
,,,Marmion,Marmion,city,,
,,,Tallis,Marmion,city,0,
,,,Dubreuil,Dubreuil,castle,,
,,,Dubreuil,Dubreuil,temple,,
,,,Dubreuil,Dubreuil,city,,
,,,Patinir,Patinir,castle,,
,,,Patinir,Patinir,temple,,
,,,Patinir,Patinir,city,,
,,,Ide,Ide,tribal,,
,,,Ide,Ide,city,,
,,,Ide,Ide,city,,
,,,Holbein,Ide,city,,
,,,Stetter,Ide,temple,0,
,,,Lark,Lark,tribal,,
,,,Lark,Lark,temple,,
,,,Lark,Lark,city,,
,,,Grunewald,Grunewald,tribal,,
,,,Grunewald,Grunewald,temple,0,
,,,Grunewald,Grunewald,city,0,
,,,Grien,Grien,tribal,,
,,,Grien,Grien,temple,,
,,,Grien,Grien,city,0,
,,,Borgo,Borgo,tribal,,
,,,Borgo,Borgo,temple,0,
,,,Borgo,Borgo,city,0,
,,,Burgkmair,Borgo,city,0,
,,,Cranach,Cranach,tribal,,
,,,Cranach,Cranach,temple,0,
,,,Cranach,Cranach,city,0,
,,,Jehanna Hall,Jehanna,castle,,
,,,Jehanna,Jehanna,temple,,
,,,Jehanna,Jehanna,city,,
,,,Witsand,Jehanna,city,,
,,,Toumma,Jehanna,castle,,
,,,Suguta,Suguta,castle,,
,,,Suguta,Suguta,temple,,
,,,Suguta,Suguta,city,,
,,,Teri,Teri,castle,,
,,,Teri,Teri,temple,,
,,,Teri,Teri,city,,
,,,Khawa,Khawa,castle,,
,,,Khawa,Khawa,temple,,
,,,Khawa,Khawa,city,,
,,,Selima,Selima,castle,,
,,,Selima,Selima,temple,,
,,,Selima,Selima,city,,
,,,Samalayuca,Selima,castle,,
,,,Danakil,Danakil,castle,,
,,,Danakil,Danakil,temple,,
,,,Danakil,Danakil,city,,
,,,Chebbi,Chebbi,castle,,
,,,Chebbi,Chebbi,temple,,
,,,Chebbi,Chebbi,city,,
,,,Ubari,Ubari,castle,,
,,,Ubari,Ubari,temple,,
,,,Ubari,Ubari,city,,
,,,Rebiana,Rebiana,castle,,
,,,Rebiana,Rebiana,temple,,
,,,Rebiana,Rebiana,city,,
,,,Genipabu,Rebiana,castle,0,
,,,Wahiba,Wahiba,castle,,
,,,Wahiba,Wahiba,temple,,
,,,Wahiba,Wahiba,city,,
,,,Merheb,Merheb,castle,,
,,,Merheb,Merheb,temple,,
,,,Merheb,Merheb,city,,
,,,Murzuq,Merheb,castle,0,
,,,Calanshio,Calanshio,castle,,
,,,Calanshio,Calanshio,temple,,
,,,Calanshio,Calanshio,city,,
,,,Piscinas,Calanshio,city,0,
,,,Thar,Thar,castle,,
,,,Thar,Thar,temple,,
,,,Thar,Thar,city,,
,,,Thal,Thar,city,0,
,,,Bayuda,Bayuda,castle,,
,,,Bayuda,Bayuda,temple,,
,,,Bayuda,Bayuda,city,,
,,,Chalbi,Bayuda,city,0,
,,,Lompoul,Lompoul,castle,,
,,,Lompoul,Lompoul,temple,,
,,,Lompoul,Lompoul,city,,
,,,Katpana,Lompoul,city,0,
,,,Bazaruto,Bazaruto,castle,,
,,,Bazaruto,Bazaruto,temple,,
,,,Bazaruto,Bazaruto,city,,
,,,Tottori,Tottori,castle,,
,,,Tottori,Tottori,temple,,
,,,Tottori,Tottori,city,,
,,,Tanami,Tottori,temple,0,
,,,Mourdi,Mourdi,castle,,
,,,Mourdi,Mourdi,temple,,
,,,Mourdi,Mourdi,city,,
,,,Akrotiri,Akrotiri,castle,,
,,,Akrotiri,Akrotiri,temple,,
,,,Akrotiri,Akrotiri,city,,
,,,Hamill,Hamill,tribal,,
,,,Hamill,Hamill,temple,0,
,,,Hamill,Hamill,city,0,
,,,Fisher,Hamill,city,0,
,,,Ford,Hamill,castle,0,1
,,,Guinness,Hamill,castle,0,1
,,,Williams,Hamill,castle,0,1
,,,Texel,Texel,tribal,,
,,,Texel,Texel,temple,0,
,,,Texel,Texel,city,0,
,,,Ashdod,Ashdod,tribal,,
,,,Ashdod,Ashdod,temple,0,
,,,Ashdod,Ashdod,city,0,
,,,Narube,Narube,castle,,
,,,Narube,Narube,temple,,
,,,Narube,Narube,city,,
,,,Moreton,Narube,castle,,
,,,Nyiri,Nyiri,castle,,
,,,Nyiri,Nyiri,temple,,
,,,Nyiri,Nyiri,city,,
,,,Polond,Polond,castle,,
,,,Polond,Polond,temple,,
,,,Polond,Polond,city,,
,,,Dahna,Polond,castle,0,
,,,Lut,Lut,castle,,
,,,Lut,Lut,temple,,
,,,Lut,Lut,city,,
,,,Lop,Lut,temple,0,
,,,Aoukar,Aoukar,tribal,,
,,,Aoukar,Aoukar,temple,,
,,,Aoukar,Aoukar,city,0,
,,,Nefud,Aoukar,castle,0,
,,,Kharan,Aoukar,city,0,
,,,Kobuk,Kobuk,tribal,,
,,,Kobuk,Kobuk,temple,0,
,,,Kobuk,Kobuk,city,0,
,,,Cronulla,Cronulla,tribal,,
,,,Cronulla,Cronulla,temple,0,
,,,Cronulla,Cronulla,city,0,
,,,Dyuni,Dyuni,tribal,,
,,,Dyuni,Dyuni,temple,0,
,,,Dyuni,Dyuni,city,0,
,,,Atacama,Atacama,tribal,,
,,,Atacama,Atacama,temple,0,
,,,Atacama,Atacama,city,0,
,,,Kavir,Atacama,castle,0,
,,,Lagdou,Lagdou,castle,,
,,,Lagdou,Lagdou,temple,,
,,,Lagdou,Lagdou,city,,
,,,Lagdou Gardens,Lagdou,temple,0,
,,,Lagdou Halls,Lagdou,castle,0,
,,,Lagdou Aquifer,Lagdou,castle,0,
,,,Lagdou Depths,Lagdou,castle,0,
,,,Curonian,Curonian,tribal,,
,,,Curonian,Curonian,temple,0,
,,,Curonian,Curonian,city,0,
,,,Oltenia,Curonian,city,0,
,,,Fiambala,Fiambala,tribal,,
,,,Fiambala,Fiambala,temple,0,
,,,Fiambala,Fiambala,city,0,
,,,Jaran,Fiambala,city,0,
,,,Melnik,Fiambala,temple,0,
,,,Arcachon,Arcachon,tribal,,
,,,Arcachon,Arcachon,temple,0,
,,,Arcachon,Arcachon,city,0,
,,,Accona,Arcachon,city,0,
,,,Pilat,Pilat,tribal,,
,,,Pilat,Pilat,temple,0,
,,,Pilat,Pilat,city,0,
,,,Oursi,Oursi,tribal,,
,,,Oursi,Oursi,temple,,
,,,Oursi,Oursi,city,0,
,,,Ordos,Oursi,city,0,
,,,Kenfig,Kenfig,tribal,,
,,,Kenfig,Kenfig,temple,0,
,,,Kenfig,Kenfig,city,0,
,,,Larzac,Kenfig,temple,0,
,,,Margam,Margam,tribal,,
,,,Margam,Margam,temple,0,
,,,Margam,Margam,city,0,
,,,Margo,Margam,city,0,
,,,Rausten Court,Rausten,castle,6,
,,,Rausten,Rausten,city,,
,,,Rausten,Rausten,temple,,
,,,Roston,Rausten,temple,,
,,,Brightgate,Rausten,temple,0,
,,,Lightwood,Rausten,temple,0,
,,,Edensor,Edensor,castle,,
,,,Edensor,Edensor,temple,,
,,,Edensor,Edensor,city,,
,,,Pomeroy,Edensor,temple,,
,,,Unstone,Edensor,temple,0,
,,,Atlow,Atlow,castle,,
,,,Atlow,Atlow,temple,,
,,,Atlow,Atlow,city,,
,,,Calke,Calke,castle,,
,,,Calke,Calke,city,,
,,,Calke,Calke,temple,,
,,,Yeaveley,Calke,castle,,
,,,Heanor,Heanor,castle,,
,,,Heanor,Heanor,city,,
,,,Heanor,Heanor,temple,,
,,,Wardlow,Heanor,castle,0,
,,,Etwall,Etwall,castle,,
,,,Etwall,Etwall,temple,,
,,,Etwall,Etwall,city,,
,,,Rowarth,Rowarth,castle,,
,,,Rowarth,Rowarth,temple,,
,,,Rowarth,Rowarth,city,,
,,,Belper,Belper,castle,,
,,,Belper,Belper,city,,
,,,Belper,Belper,temple,,
,,,Hargate,Belper,castle,,
,,,Codnor,Codnor,castle,,
,,,Codnor,Codnor,temple,,
,,,Codnor,Codnor,city,,
,,,Eyam,Eyam,castle,,
,,,Eyam,Eyam,temple,,
,,,Eyam,Eyam,city,,
,,,Dethick,Dethick,castle,,
,,,Dethick,Dethick,temple,,
,,,Dethick,Dethick,city,,
,,,Staveley,Staveley,castle,,
,,,Staveley,Staveley,temple,,
,,,Staveley,Staveley,city,,
,,,Monyash,Monyash,castle,,
,,,Monyash,Monyash,temple,,
,,,Monyash,Monyash,city,,
,,,Alkmonton,Monyash,temple,0,
,,,Hassop,Hassop,castle,,
,,,Hassop,Hassop,temple,,
,,,Hassop,Hassop,city,,
,,,Ballidon,Ballidon,castle,,
,,,Ballidon,Ballidon,temple,,
,,,Ballidon,Ballidon,city,,
,,,Linton,Linton,castle,,
,,,Linton,Linton,temple,,
,,,Linton,Linton,city,,
,,,Inkersall,Linton,temple,0,
,,,Melkaen,Melkaen,castle,,
,,,Melkaen,Melkaen,temple,,
,,,Melkaen,Melkaen,city,,
,,,Aldwark,Melkaen,castle,0,
,,,Egstow,Melkaen,temple,0,
,,,Hulland,Hulland,castle,,
,,,Hulland,Hulland,temple,,
,,,Hulland,Hulland,city,,
,,,Grindlow,Grindlow,castle,,
,,,Grindlow,Grindlow,temple,,
,,,Grindlow,Grindlow,city,,
,,,Fernilee,Grindlow,temple,0,
,,,Dunsa,Dunsa,castle,,
,,,Dunsa,Dunsa,temple,,
,,,Dunsa,Dunsa,city,,
,,,Glossop,Glossop,castle,,
,,,Glossop,Glossop,temple,,
,,,Glossop,Glossop,city,,
,,,Calow,Glossop,temple,0,
,,,Astwith,Astwith,castle,,
,,,Astwith,Astwith,temple,,
,,,Astwith,Astwith,city,,
,,,Derwent,Derwent,castle,,
,,,Derwent,Derwent,temple,,
,,,Derwent,Derwent,city,,
,,,Rylah,Rylah,castle,,
,,,Rylah,Rylah,temple,,
,,,Rylah,Rylah,city,,
,,,Renishaw,Rylah,castle,0,
,,,Mimir,Mimir,castle,,
,,,Mimir,Mimir,temple,,
,,,Mimir,Mimir,city,,
,,,Crowden,Crowden,castle,,
,,,Crowden,Crowden,temple,,
,,,Crowden,Crowden,city,,
,,,Youlgreave,Youlgreave,castle,,
,,,Youlgreave,Youlgreave,temple,,
,,,Youlgreave,Youlgreave,city,,
,,,Yeldersley,Youlgreave,temple,0,
,,,Melkana,Melkana,castle,,
,,,Melkana,Melkana,temple,,
,,,Melkana,Melkana,city,,
,,,Kiris,Kiris,castle,,
,,,Port Kiris,Kiris,city,,
,,,Kiris,Kiris,temple,,
,,,Beycik,Kiris,city,,
,,,Ovacik,Kiris,city,,
,,,Tekirova,Tekirova,castle,,
,,,Tekirova,Tekirova,temple,,
,,,Tekirova,Tekirova,city,,
,,,Beldibi,Beldibi,castle,,
,,,Beldibi,Beldibi,temple,,
,,,Beldibi,Beldibi,city,,
,,,Teraz,Teraz,castle,,
,,,Teraz,Teraz,city,,
,,,Teraz,Teraz,temple,,
,,,Ulupinar,Teraz,city,,
,,,Senirkent,Senirkent,castle,,
,,,Senirkent,Senirkent,temple,,
,,,Senirkent,Senirkent,city,,
,,,Kuzdere,Senirkent,city,0,
,,,Kemer,Kemer,castle,,
,,,Kemer,Kemer,temple,,
,,,Kemer,Kemer,city,,
,,,Aglasun,Aglasun,castle,,
,,,Aglasun,Aglasun,temple,,
,,,Aglasun,Aglasun,city,,
,,,Atabey,Atabey,castle,,
,,,Atabey,Atabey,city,,
,,,Cirali,Cirali,castle,,
,,,Cirali,Cirali,city,,
,,,Cirali,Cirali,temple,,
,,,Goynuk,Cirali,city,,
,,,Yalvac,Yalvac,castle,,
,,,Yalvac,Yalvac,temple,,
,,,Yalvac,Yalvac,city,,
,,,Aksu,Aksu,castle,,
,,,Aksu,Aksu,temple,,
,,,Camyuva,Camyuva,tribal,,
,,,Camyuva,Camyuva,temple,,
,,,Camyuva,Camyuva,city,0,
,,,Egirdir,Egirdir,tribal,,
,,,Egirdir,Egirdir,temple,0,
,,,Egirdir,Egirdir,city,0,
,,,Burdur,Burdur,tribal,,
,,,Burdur,Burdur,temple,0,
,,,Burdur,Burdur,city,0,
,,,Golhisar,Golhisar,tribal,,
,,,Golhisar,Golhisar,temple,0,
,,,Golhisar,Golhisar,city,0,
,,,Fort Pelyn,Pelyn,castle,,
,,,Pelyn,Pelyn,temple,,
,,,Caer Pelyn,Pelyn,city,,
,,,Gelendost,Gelendost,tribal,,
,,,Gelendost,Gelendost,temple,0,
,,,Cavdir,Cavdir,tribal,,
,,,Cavdir,Cavdir,temple,0,
,,,Pokhara,Pokhara,tribal,,
,,,Pokhara,Pokhara,temple,,
,,,Pokhara,Pokhara,city,0,
,,,Sutculer,Pokhara,city,0,
,,,Isparta,Isparta,tribal,,
,,,Isparta,Isparta,temple,0,
,,,Isparta,Isparta,city,0,
,,,Yesilova,Yesilova,tribal,,
,,,Yesilova,Yesilova,temple,0,
,,,Yesilova,Yesilova,city,0,
,,,Gonen,Gonen,tribal,,
,,,Gonen,Gonen,temple,0,
,,,Gonen,Gonen,city,0,
,,,Baleal,Baleal,tribal,,
,,,Baleal,Baleal,temple,0,
,,,Baleal,Baleal,city,0,
,,,Alfeizerao,Baleal,temple,0,
,,,Vermoil,Vermoil,tribal,,
,,,Vermoil,Vermoil,temple,0,
,,,Vermoil,Vermoil,city,0,
,,,Cela,Cela,tribal,,
,,,Cela,Cela,temple,,
,,,Cela,Cela,city,0,
,,,Nazonia,Nazonia,castle,,
,,,Nazonia,Nazonia,city,,
,,,Nazonia,Nazonia,temple,,
,,,Nazgulia,Nazonia,castle,0,
,,,Neanica,Nazonia,castle,0,
,,,Coruna,Coruna,castle,,
,,,Coruna,Coruna,city,,
,,,Coruna,Coruna,temple,,
,,,Merallus,Merallus,castle,,
,,,Merallus,Merallus,city,,
,,,Merallus,Merallus,temple,,
,,,Sedma,Sedma,castle,,
,,,Sedma,Sedma,city,,
,,,Sedma,Sedma,temple,,
,,,Falibria,Falibria,tribal,,
,,,Falibria,Falibria,temple,,
,,,Falibria,Falibria,city,0,
,,,Rohatina,Rohatina,tribal,,
,,,Rohatina,Rohatina,temple,0,
,,,Rohatina,Rohatina,city,0,
,,,Pestra,Pestra,tribal,,
,,,Pestra,Pestra,temple,,
