Comment,Province ID,Red,Green,Blue,BMP Red,BMP Green,BMP Blue,Province name,Duchy,Duchy ID,Culture,Religion,Terrain,Climate,Holdings,Holy Site,Holy Site,Holy Site,,
Valor,1,,,,76,81,81,Virtus,Valor,,bernese,elimine_church,mountain,,6,anima,dark,dragon_gods,pagan,
,2,,,,159,167,167,Temperantia,Valor,,bernese,elimine_church,forest,,4,anima,dark,,,
,3,,,,62,79,79,Fortitudo,Valor,,bernese,elimine_church,forest,,3,,,,,
,4,,,,90,103,103,Iustitia,Valor,,bernese,elimine_church,plains,,4,,,,,
Bern,5,,,,63,0,18,Bern,Bern,,bernese,elimine_church,mountain,normal_winter,7,,,,,
,6,,,,122,0,33,Aarberg,Bern,,bernese,elimine_church,farmlands,normal_winter,4,,,,,
FE7 25H Crazed Beast,7,,,,224,30,82,Landskron,Bern,,bernese,elimine_church,plains,normal_winter,5,,,,,
,8,,,,206,65,103,Boltigen,Bern,,bernese,elimine_church,plains,normal_winter,4,,,,,
,9,,,,64,9,24,Erlenbach,Bern,,bernese,elimine_church,forest,normal_winter,5,,,,,
,10,,,,164,59,88,Basel,Basel,,bernese,elimine_church,forest,normal_winter,4,,,,,
,11,,,,188,67,101,Bettingen,Basel,,bernese,elimine_church,plains,normal_winter,4,,,,,
,12,,,,179,2,51,Orvin,Basel,,bernese,elimine_church,mountain,normal_winter,2,,,,,
,13,,,,130,14,46,Glarus,Glarus,,bernese,elimine_church,,normal_winter,5,,,,,
FE7 Ch5 ÅgBeyond the BordersÅh happens here,14,,,,184,58,93,Ennenda,Glarus,,bernese,elimine_church,,normal_winter,4,,,,,
,15,,,,147,14,51,Riedern,Glarus,,bernese,elimine_church,,normal_winter,4,,,,,
,16,,,,189,30,75,Netstal,Glarus,,bernese,elimine_church,,normal_winter,2,,,,,
FE7 Ch27 ÅgCog of DestinyÅh/ FE6 Ch21 ÅgSword of SealsÅh happen here,17,,,,131,42,67,Uri,Uri,,bernese,elimine_church,,normal_winter,5,elibe_spirits_pagan,anima,dark,,
,18,,,,163,112,126,Bauen,Uri,,bernese,elimine_church,,normal_winter,3,,,,,
,19,,,,119,58,75,Isenthal,Uri,,bernese,elimine_church,,normal_winter,4,,,,,
,20,,,,129,62,81,Fribourg,Fribourg,,bernese,elimine_church,,normal_winter,5,,,,,
,21,,,,93,36,52,Galmiz,Fribourg,,bernese,elimine_church,,normal_winter,4,,,,,
,22,,,,100,67,76,Murist,Fribourg,,bernese,elimine_church,,normal_winter,3,,,,,
,23,,,,153,91,109,Unterwalden,Unterwalden,,bernese,elimine_church,,normal_winter,4,,,,,
,24,,,,101,68,77,Obwalden,Unterwalden,,bernese,elimine_church,,normal_winter,4,,,,,
,25,,,,106,49,65,Nidwalden,Unterwalden,,bernese,elimine_church,,normal_winter,3,,,,,
,26,,,,141,72,89,Appenzell,Appenzell,,bernese,elimine_church,,normal_winter,5,,,,,
,27,,,,86,50,59,Gonten,Appenzell,,bernese,elimine_church,,normal_winter,4,,,,,
,28,,,,126,66,82,Rute,Appenzell,,bernese,elimine_church,,normal_winter,3,,,,,
FE7 Ch4,29,,,,230,128,156,Haslen,Appenzell,,bernese,elimine_church,,normal_winter,3,,,,,
,30,,,,201,122,142,Zug,Zug,,bernese,elimine_church,,normal_winter,5,,,,,
,31,,,,107,72,81,Risch,Zug,,bernese,elimine_church,,normal_winter,3,,,,,
,32,,,,167,105,122,Walchwil,Zug,,bernese,elimine_church,,normal_winter,3,,,,,
,33,,,,146,88,104,Solothurn,Solothurn,,bernese,elimine_church,,normal_winter,3,,,,,
,34,,,,189,96,122,Dorneck,Solothurn,,bernese,elimine_church,,normal_winter,3,,,,,
,35,,,,144,53,78,Olten,Solothurn,,bernese,elimine_church,,normal_winter,3,,,,,
FE6 Ch24,36,,,,106,96,108,Calach,Calach,,bernese,elimine_church,,severe_winter,4,dragon_gods,pagan,,,
The Dragonlands ,37,,,,119,139,139,Marbach,Calach,,bernese,elimine_church,,severe_winter,3,,,,,
,38,,,,84,89,89,Buron,Calach,,bernese,elimine_church,,severe_winter,2,,,,,
,39,,,,130,120,132,Regia,Calach,,bernese,elimine_church,,severe_winter,1,,,,,
,40,,,,163,177,177,Sion,Sion,,bernese,elimine_church,,severe_winter,3,,,,,
,41,,,,112,122,122,Remigen,Sion,,bernese,elimine_church,,severe_winter,4,,,,,
,42,,,,56,64,64,Kaisten,Sion,,bernese,elimine_church,,severe_winter,3,,,,,
,43,,,,50,78,78,Muhen,Sion,,bernese,elimine_church,,severe_winter,2,,,,,
,44,,,,123,147,147,Gallen,Gallen,,bernese,elimine_church,,normal_winter,4,,,,,
,45,,,,93,108,108,Balgach,Gallen,,bernese,elimine_church,,severe_winter,3,,,,,
FE6 Ch23,46,,,,128,144,144,Amden,Gallen,,bernese,elimine_church,,severe_winter,3,,,,,
,47,,,,207,216,216,Jura,Jura,,bernese,elimine_church,,severe_winter,2,,,,,
,48,,,,144,152,152,Cornol,Jura,,bernese,elimine_church,,severe_winter,2,,,,,
,49,,,,168,178,178,Bonfol,Jura,,bernese,elimine_church,,severe_winter,2,,,,,
,50,,,,159,168,168,Yens,Jura,,bernese,elimine_church,,severe_winter,2,,,,,
,51,,,,109,125,125,Sarnen,Sarnen,,bernese,elimine_church,,severe_winter,3,,,,,
,52,,,,150,165,165,Hori,Sarnen,,bernese,elimine_church,,severe_winter,3,,,,,
,53,,,,112,115,115,Meilen,Sarnen,,bernese,elimine_church,,severe_winter,3,,,,,
,54,,,,68,72,72,Rorbas,Sarnen,,bernese,elimine_church,,normal_winter,3,,,,,
FE7 Ch25,55,,,,80,90,90,Vaud,Vaud,,bernese,elimine_church,,severe_winter,4,,,,,
FE7 Ch26x,56,,,,144,184,184,Morges,Vaud,,bernese,elimine_church,,severe_winter,3,,,,,
,57,,,,125,132,132,Aigle,Vaud,,bernese,elimine_church,,severe_winter,2,,,,,
,58,,,,96,106,106,Nyon,Vaud,,bernese,elimine_church,,severe_winter,2,,,,,
,59,,,,141,134,134,Arles,Arles,,bernese,elimine_church,,severe_winter,2,,,,,
,60,,,,88,83,83,Itingen,Arles,,bernese,elimine_church,,severe_winter,1,,,,,
,61,,,,183,174,174,Birseck,Arles,,bernese,elimine_church,,severe_winter,1,,,,,
,62,,,,148,146,146,Lucerne,Lucerne,,bernese,elimine_church,,severe_winter,4,,,,,
,63,,,,169,169,169,Ascona,Lucerne,,bernese,elimine_church,,severe_winter,2,,,,,
,64,,,,115,111,111,Cevio,Lucerne,,bernese,elimine_church,,severe_winter,1,,,,,
,65,,,,157,87,87,Xanthus,Xanthus,,bernese,elimine_church,,normal_winter,4,,,,,
,66,,,,160,127,127,Cibyra,Xanthus,,lycian,elimine_church,,normal_winter,3,,,,,
,67,,,,137,120,120,Acaliss,Xanthus,,lycian,elimine_church,,normal_winter,2,,,,,
,68,,,,206,99,99,Calynda,Xanthus,,western_islander,elimine_church,,,1,,,,,
,69,,,,145,102,102,Araxa,Araxa,,bernese,elimine_church,,normal_winter,3,,,,,
,70,,,,218,143,143,Lebessus,Araxa,,bernese,elimine_church,,normal_winter,3,,,,,
,71,,,,134,85,85,Caunus,Araxa,,bernese,elimine_church,,normal_winter,3,,,,,
,72,,,,182,145,145,Oren,Araxa,,bernese,elimine_church,,normal_winter,2,,,,,
,73,,,,174,143,143,Nisa,Nisa,,lycian,elimine_church,,normal_winter,4,,,,,
,74,,,,226,175,175,Marciana,Nisa,,western_islander,elimine_church,,,2,,,,,
,75,,,,202,177,177,Choma,Nisa,,lycian,elimine_church,,normal_winter,3,,,,,
,76,,,,129,96,96,Mugla,Nisa,,lycian,elimine_church,,normal_winter,2,,,,,
,77,,,,176,148,148,Comba,Nisa,,lycian,elimine_church,,normal_winter,3,,,,,
FE7 Ch11H/ 21/ 29 FE6 Ch7/ 8,78,,,,7,80,5,Ostia,Ostia,,lycian,elimine_church,,mild_winter,6,,,,,
FE7 Ch28/FE6 Ch8x,79,,,,4,62,2,Durandal,Ostia,,lycian,elimine_church,,mild_winter,3,elimine_church,elibe_spirits_pagan,,,
,80,,,,11,117,7,Ragna,Ostia,,lycian,elimine_church,,mild_winter,4,,,,,
Lycia,81,,,,111,223,107,Arycanda,Ostia,,lycian,elimine_church,,mild_winter,3,,,,,
Kruzard's base,82,,,,149,214,147,Zem,Ostia,,lycian,elimine_church,,mild_winter,4,,,,,
,83,,,,61,136,58,Aperlae,Ostia,,lycian,elimine_church,,mild_winter,3,,,,,
,84,,,,107,188,104,Patara,Ostia,,lycian,elimine_church,,mild_winter,3,,,,,
FE6 6,85,,,,158,210,156,Thria,Thria,,lycian,elimine_church,,mild_winter,3,,,,,
,86,,,,137,238,133,Myra,Thria,,lycian,elimine_church,,mild_winter,3,,,,,
,87,,,,23,216,16,Worde,Worde,,lycian,elimine_church,,mild_winter,3,,,,,
,88,,,,138,176,137,Olst,Worde,,lycian,elimine_church,,mild_winter,3,,,,,
,89,,,,98,143,96,Ryerde,Ryerde,,lycian,elimine_church,,mild_winter,3,,,,,
,90,,,,70,137,67,Sidyma,Ryerde,,lycian,elimine_church,,mild_winter,3,,,,,
FE7 14/FE6 4,91,,,,112,216,35,Laus,Laus,,lycian,elimine_church,,mild_winter,4,,,,,
,92,,,,120,176,78,Idebessus,Laus,,lycian,elimine_church,,mild_winter,4,,,,,
,93,,,,67,142,12,Tios,Laus,,lycian,elimine_church,,mild_winter,3,,,,,
FE7 16x,94,,,,13,129,84,Badon,Badon,,lycian,elimine_church,,mild_winter,5,bandit,pirate,,,
,95,,,,18,186,121,Bubon,Badon,,lycian,elimine_church,,mild_winter,3,,,,,
,96,,,,47,169,122,Balbura,Badon,,lycian,elimine_church,,mild_winter,3,,,,,
FE7 13,97,,,,154,241,151,Santaruz,Santaruz,,lycian,elimine_church,,mild_winter,4,,,,,
FE7 12,98,,,,113,195,110,Cyaneae,Santaruz,,lycian,elimine_church,,mild_winter,3,,,,,
FE7 10/15/16,99,,,,20,98,17,Caelin,Caelin,,lycian,elimine_church,,mild_winter,5,,,,,
FE7 9,100,,,,32,123,28,Alta,Caelin,,lycian,elimine_church,,mild_winter,4,,,,,
FE7 7,101,,,,109,179,62,Khathelet,Khathelet,,lycian,elimine_church,,mild_winter,4,,,,,
FE7 7x,102,,,,177,209,156,Antiphellos,Khathelet,,lycian,elimine_church,,mild_winter,3,,,,,
FE7 6 FE6 3,103,,,,164,197,163,Araphen,Araphen,,lycian,elimine_church,,normal_winter,4,,,,,
,104,,,,112,142,111,Limyra,Araphen,,lycian,elimine_church,,mild_winter,2,,,,,
,105,,,,103,190,101,Tuscana,Tuscana,,lycian,elimine_church,,mild_winter,3,,,,,
,106,,,,23,244,18,Rhodia,Tuscana,,lycian,elimine_church,,mild_winter,2,,,,,
,107,,,,4,86,1,Tania,Tania,,lycian,elimine_church,,mild_winter,3,,,,,
,108,,,,57,94,56,Amelas,Tania,,lycian,elimine_church,,normal_winter,2,,,,,
FE6 1,109,,,,32,159,98,Pherae,Pherae,,lycian,elimine_church,,mild_winter,5,,,,,
FE6 11E,110,,,,34,175,107,Phellus,Pherae,,lycian,elimine_church,,mild_winter,3,,,,,
FE6 2,111,,,,41,194,120,Phestos,Pherae,,lycian,elimine_church,,normal_winter,3,,,,,
,112,,,,139,197,38,Cornwell,Cornwell,,lycian,elimine_church,,mild_winter,4,,,,,
,113,,,,183,226,109,Dias,Cornwell,,lycian,elimine_church,,mild_winter,4,,,,,
,114,,,,38,167,34,Telmessus,Cornwell,,lycian,elimine_church,,mild_winter,4,,,,,
,115,,,,6,112,3,Trebenna,Cornwell,,lycian,elimine_church,,mild_winter,3,,,,,
FE6 15/15x,116,,,,78,233,191,Arcadia,Arcadia,,nabatan,elibe_spirits_pagan,,,5,elibe_spirits_pagan,anima,dark,dragon_gods,pagan
Nabata,117,,,,22,85,68,Gortynia,Arcadia,,nabatan,elimine_church,,,3,,,,,
,118,,,,140,211,192,Kynouria,Arcadia,,nabatan,elimine_church,,,4,,,,,
,119,,,,35,150,119,Levidi,Arcadia,,nabatan,elimine_church,,,3,,,,,
FE6 13,120,,,,193,239,148,Mantineia,Mantineia,,nabatan,elimine_church,,,5,,,,,
,121,,,,89,112,66,Nestani,Mantineia,,nabatan,elimine_church,,,4,,,,,
,122,,,,161,194,129,Pikernis,Mantineia,,nabatan,elimine_church,,,3,,,,,
,123,,,,146,234,62,Kapsas,Mantineia,,nabatan,elimine_church,,,3,,,,,
,124,,,,154,225,85,Tegea,Tegea,,nabatan,elimine_church,,,4,,,,,
,125,,,,181,255,109,Sagkas,Tegea,,nabatan,elimine_church,,,3,,,,,
,126,,,,88,106,71,Loukas,Tegea,,nabatan,elimine_church,,,2,,,,,
,127,,,,181,207,156,Tyros,Tyros,,nabatan,elimine_church,,,5,,,,,
,128,,,,116,216,19,Akovos,Tyros,,nabatan,elimine_church,,,4,,,,,
,129,,,,115,135,95,Rizes,Tyros,,nabatan,elimine_church,,,3,,,,,
,130,,,,120,167,72,Vytina,Vytina,,nabatan,elimine_church,,,4,,,,,
FE7 22/22x,131,,,,76,117,34,Elati,Vytina,,nabatan,elimine_church,,,4,,,,,
,132,,,,175,239,112,Lasta,Vytina,,nabatan,elimine_church,,,3,,,,,
Missur,133,,,,245,109,12,Mallota,Mallota,,nabatan,elimine_church,,,4,,,,,
,134,,,,235,169,121,Soulos,Mallota,,nabatan,elimine_church,,,3,,,,,
,135,,,,177,115,71,Plaka,Mallota,,nabatan,elimine_church,,,3,,,,,
,136,,,,183,100,40,Vangos,Mallota,,nabatan,elimine_church,,,3,,,,,
,137,,,,215,165,130,Isaris,Isaris,,nabatan,elimine_church,,,3,,,,,
,138,,,,198,91,16,Vastas,Isaris,,nabatan,elimine_church,,,3,,,,,
,139,,,,204,164,135,Chirades,Isaris,,nabatan,elimine_church,,,3,,,,,
,140,,,,182,149,126,Thoknia,Isaris,,nabatan,elimine_church,,,3,,,,,
,141,,,,214,136,80,Gefyra,Gefyra,,nabatan,elimine_church,,,4,,,,,
,142,,,,182,106,52,Tripotamo,Gefyra,,nabatan,elimine_church,,,3,,,,,
,143,,,,185,97,33,Souli,Gefyra,,nabatan,elimine_church,,,4,,,,,
,144,,,,136,87,52,Karyon,Gefyra,,nabatan,elimine_church,,,3,,,,,
Kafti,145,,,,234,143,202,Kafti,Kafti,,nabatan,elimine_church,,,6,,,,,
,146,,,,175,69,138,Makri,Kafti,,nabatan,elimine_church,,,4,,,,,
,147,,,,190,40,138,Perthori,Kafti,,western_islander,elimine_church,,,5,,,,,
,148,,,,131,47,102,Skopi,Kafti,,western_islander,elimine_church,,,3,,,,,
FE6 12/12x,149,,,,167,119,51,Jutes,Jutes,,western_islander,elimine_church,,,6,elimine_church,elibe_spirits_pagan,,,
Western Isles,150,,,,214,141,38,Condate,Jutes,,western_islander,elimine_church,,,5,,,,,
,151,,,,205,146,63,Moridin,Jutes,,western_islander,elimine_church,,,3,,,,,
,152,,,,219,173,106,Segontium,Jutes,,western_islander,elimine_church,,,4,,,,,
,153,,,,106,70,18,Dubris,Jutes,,western_islander,elimine_church,,,3,,,,,
FE6 10B,154,,,,194,144,72,Vectis,Vectis,,western_islander,elimine_church,,,4,,,,,
,155,,,,249,183,89,Lindinis,Vectis,,western_islander,elimine_church,,,3,,,,,
,156,,,,235,187,118,Mamucium,Vectis,,western_islander,elimine_church,,,3,,,,,
,157,,,,236,159,50,Pontes,Vectis,,western_islander,elimine_church,,,3,,,,,
,158,,,,183,127,48,Calcaria,Vectis,,western_islander,elimine_church,,,4,,,,,
FE6 11A,159,,,,185,114,13,Eburacum,Eburacum,,western_islander,elimine_church,,,6,,,,,
FE6 10A,160,,,,175,113,25,Armagh,Eburacum,,western_islander,elimine_church,,,4,,,,,
,161,,,,209,162,94,Lindum,Eburacum,,western_islander,elimine_church,,mild_winter,3,,,,,
,162,,,,198,123,16,Vinovia,Eburacum,,western_islander,elimine_church,,,3,,,,,
FE6 9,163,,,,158,98,12,Coria,Coria,,western_islander,elimine_church,,,6,,,,,
,164,,,,216,171,107,Mediolanum,Coria,,western_islander,elimine_church,,,3,,,,,
,165,,,,194,126,29,Silurum,Coria,,western_islander,elimine_church,,,3,,,,,
Resistance HQ,166,,,,165,120,56,Salinae,Coria,,western_islander,elimine_church,,,5,,,,,
FE6 11B,167,,,,90,63,25,Edina,Caledonia,,western_islander,elimine_church,,,5,,,,,
,168,,,,237,187,116,Belgarum,Caledonia,,western_islander,elimine_church,,,3,,,,,
,169,,,,90,57,11,Caromago,Caledonia,,western_islander,elimine_church,,,3,,,,,
,170,,,,153,141,126,Alauna,Caledonia,,western_islander,elimine_church,,,4,,,,,
,171,,,,223,186,134,Devana,Scotia,,western_islander,elimine_church,,,3,,,,,
,172,,,,201,146,73,Graupius,Scotia,,western_islander,elimine_church,,,3,,,,,
,173,,,,108,93,73,Evidensca,Scotia,,western_islander,elimine_church,,,5,,,,,
,174,,,,216,196,168,Trimontium,Scotia,,western_islander,elimine_church,,,3,,,,,
,175,,,,216,138,28,Dia,Dia,,western_islander,elimine_church,,,4,,,,,
,176,,,,195,125,27,Corinium,Dia,,western_islander,elimine_church,,,4,,,,,
,177,,,,164,101,12,Danum,Dia,,western_islander,elimine_church,,,3,,,,,
,178,,,,237,178,94,Navio,Hibernia,,western_islander,elimine_church,,,2,,,,,
,179,,,,111,69,10,Olicana,Hibernia,,western_islander,elimine_church,,,1,,,,,
,180,,,,241,145,9,Isca,Hibernia,,western_islander,elimine_church,,,2,,,,,
The Taliver Mountains,181,,,,248,104,71,Taliver,Taliver,,sacaean,divine_sky_pagan,,normal_winter,1,bandit,pirate,,,
,182,,,,223,154,138,Hardres,Taliver,,sacaean,divine_sky_pagan,,normal_winter,2,,,,,
,183,,,,240,82,46,Berenger,Taliver,,sacaean,divine_sky_pagan,,normal_winter,1,,,,,
,184,,,,240,144,121,Pinabel,Taliver,,sacaean,divine_sky_pagan,,normal_winter,2,,,,,
,185,,,,157,135,130,Ganelon,Ganelon,,sacaean,divine_sky_pagan,,normal_winter,2,bandit,pirate,,,
,186,,,,116,91,86,Foulkes,Ganelon,,sacaean,divine_sky_pagan,,normal_winter,2,,,,,
FE6 20Bx,187,,,,143,117,112,Murgleis,Ganelon,,sacaean,divine_sky_pagan,,normal_winter,3,elimine_church,divine_sky_pagan,divine_sky_pagan_reformed,,
FE7 1. FE6 19B,188,,,,179,130,3,Bulgar,Bulgar,,sacaean,divine_sky_pagan,,mild_winter,6,divine_sky_pagan,divine_sky_pagan_reformed,,,
FE7 2,189,,,,222,177,63,Mani,Bulgar,,sacaean,divine_sky_pagan,,mild_winter,3,divine_sky_pagan,divine_sky_pagan_reformed,,,
,190,,,,236,192,80,Balkh,Bulgar,,sacaean,divine_sky_pagan,,,3,,,,,
,191,,,,177,135,28,Volga,Bulgar,,sacaean,divine_sky_pagan,,,3,,,,,
,192,,,,185,138,16,Gelonus,Gelonus,,sacaean,divine_sky_pagan,,mild_winter,3,,,,,
,193,,,,187,159,87,Sistan,Gelonus,,sacaean,divine_sky_pagan,,mild_winter,2,,,,,
,194,,,,137,99,1,Saka,Gelonus,,sacaean,divine_sky_pagan,,mild_winter,3,divine_sky_pagan,divine_sky_pagan_reformed,,,
,195,,,,218,179,79,Pamir,Pamir,,sacaean,divine_sky_pagan,,mild_winter,2,,,,,
,196,,,,159,126,39,Shan,Pamir,,sacaean,divine_sky_pagan,,mild_winter,1,,,,,
FE6 18B,197,,,,141,111,31,Media,Media,,sacaean,divine_sky_pagan,,mild_winter,3,,,,,
,198,,,,214,198,155,Ecbatana,Media,,sacaean,divine_sky_pagan,,mild_winter,2,,,,,
,199,,,,164,138,69,Atropatene,Media,,sacaean,divine_sky_pagan,,mild_winter,3,,,,,
FE6 17B,200,,,,248,187,28,Talas,Talas,,sacaean,divine_sky_pagan,,mild_winter,4,divine_sky_pagan,divine_sky_pagan_reformed,,,
,201,,,,243,206,108,Naryn,Talas,,sacaean,divine_sky_pagan,,mild_winter,3,,,,,
,202,,,,201,169,85,Batken,Talas,,sacaean,divine_sky_pagan,,normal_winter,2,,,,,
,203,,,,183,157,88,Tarim,Tarim,,sacaean,divine_sky_pagan,,normal_winter,2,,,,,
,204,,,,214,185,108,Kunlun,Tarim,,sacaean,divine_sky_pagan,,mild_winter,2,,,,,
,205,,,,210,167,54,Kashgar,Tarim,,sacaean,divine_sky_pagan,,mild_winter,2,,,,,
FE6 16/16x,206,,,,86,31,65,Aquleia,Aquleia,,etrurian,elimine_church,,,7,elimine_church,elibe_spirits_pagan,anima,,
Etruria,207,,,,118,56,94,Berua,Aquleia,,etrurian,elimine_church,,,4,,,,,
,208,,,,165,43,119,Cura,Aquleia,,etrurian,elimine_church,,mild_winter,4,,,,,
,209,,,,211,146,186,Vetluna,Aquleia,,etrurian,elimine_church,,mild_winter,5,,,,,
,210,,,,166,81,133,Capeva,Aquleia,,etrurian,elimine_church,,,3,,,,,
,211,,,,236,178,213,Orcla,Aquleia,,etrurian,elimine_church,,,2,,,,,
FE6 15,212,,,,22,25,73,Alesia,Alesia,,etrurian,elimine_church,,,5,,,,,
,213,,,,60,62,91,Fulginia,Alesia,,etrurian,elimine_church,,,3,,,,,
,214,,,,107,115,225,Perusia,Alesia,,nabatan,elimine_church,,,4,,,,,
,215,,,,113,120,213,Reglay,Reglay,,etrurian,elimine_church,,,5,,,,,
,216,,,,55,64,190,Rasela,Reglay,,etrurian,elimine_church,,,4,,,,,
,217,,,,18,24,109,Russellae,Reglay,,etrurian,elimine_church,,,3,,,,,
,218,,,,129,137,240,Colonnata,Reglay,,western_islander,elimine_church,,,3,,,,,
,219,,,,6,16,144,Caerleon,Caerleon,,etrurian,elimine_church,,,5,,,,,
,220,,,,9,21,188,Caisra,Caerleon,,etrurian,elimine_church,,,5,,,,,
,221,,,,105,111,192,Agylla,Caerleon,,etrurian,elimine_church,,,4,,,,,
,222,,,,65,69,128,Tarchna,Tarchna,,etrurian,elimine_church,,,6,,,,,
,223,,,,35,40,115,Bolsena,Tarchna,,etrurian,elimine_church,,,4,,,,,
,224,,,,99,109,237,Satria,Tarchna,,etrurian,elimine_church,,,5,,,,,
,225,,,,155,161,242,Amina,Tarchna,,western_islander,elimine_church,,mild_winter,2,,,,,
,226,,,,13,21,127,Siene,Siene,,etrurian,elimine_church,,,5,,,,,
,227,,,,89,94,157,Blera,Siene,,etrurian,elimine_church,,,4,,,,,
,228,,,,165,170,238,Marturi,Siene,,etrurian,elimine_church,,,3,,,,,
,229,,,,84,91,187,Catuna,Siene,,etrurian,elimine_church,,,5,,,,,
,230,,,,116,122,219,Felathri,Felathri,,etrurian,elimine_church,,,5,,,,,
,231,,,,7,12,93,Nucra,Felathri,,etrurian,elimine_church,,,3,,,,,
,232,,,,60,65,144,Velkha,Felathri,,etrurian,elimine_church,,,5,,,,,
,233,,,,99,107,231,Capna,Felathri,,etrurian,elimine_church,,,4,,,,,
,234,,,,53,64,217,Liburna,Felathri,,etrurian,elimine_church,,mild_winter,3,,,,,
,235,,,,83,93,221,Clevsin,Clevsin,,etrurian,elimine_church,,mild_winter,4,,,,,
,236,,,,57,71,247,Manthra,Clevsin,,etrurian,elimine_church,,mild_winter,4,,,,,
,237,,,,22,32,163,Irna,Clevsin,,etrurian,elimine_church,,mild_winter,4,,,,,
,238,,,,38,44,121,Cassina,Clevsin,,etrurian,elimine_church,,mild_winter,3,,,,,
,239,,,,187,191,242,Arritim,Arritim,,etrurian,elimine_church,,mild_winter,3,,,,,
,240,,,,16,29,198,Halethi,Arritim,,etrurian,elimine_church,,mild_winter,3,,,,,
,241,,,,83,88,155,Herclena,Arritim,,etrurian,elimine_church,,mild_winter,2,,,,,
,242,,,,112,118,196,Bellona,Arritim,,etrurian,elimine_church,,mild_winter,3,,,,,
,243,,,,69,75,144,Velzna,Arritim,,etrurian,elimine_church,,mild_winter,3,,,,,
,244,,,,227,227,242,Edessa,Edessa,,ilian,elimine_church,,normal_winter,6,elimine_church,,,,
,245,,,,161,161,168,Adma,Edessa,,ilian,elimine_church,,normal_winter,3,,,,,
,246,,,,102,102,122,Pyrene,Edessa,,ilian,elimine_church,,normal_winter,3,,,,,
,247,,,,87,87,117,Orhay,Edessa,,ilian,elimine_church,,normal_winter,3,,,,,
,248,,,,137,137,155,Riha,Edessa,,ilian,elimine_church,,severe_winter,2,,,,,
,249,,,,110,110,133,Troas,Troas,,ilian,elimine_church,,normal_winter,4,,,,,
,250,,,,109,109,219,Sigeia,Troas,,ilian,elimine_church,,normal_winter,2,,,,,
,251,,,,73,73,123,Antigonia,Troas,,ilian,elimine_church,,severe_winter,2,,,,,
FE6 19A,252,,,,120,120,185,Carrhae,Carrhae,,ilian,elimine_church,,severe_winter,3,,,,,
,253,,,,178,178,232,Melas,Carrhae,,ilian,elimine_church,,severe_winter,3,,,,,
,254,,,,87,87,122,Ida,Carrhae,,ilian,elimine_church,,normal_winter,3,,,,,
,255,,,,115,115,165,Aisarna,Carrhae,,ilian,elimine_church,,severe_winter,1,,,,,
,256,,,,111,111,222,Cebrene,Cebrene,,ilian,elimine_church,,severe_winter,3,,,,,
,257,,,,135,135,163,Hortia,Cebrene,,ilian,elimine_church,,severe_winter,1,,,,,
,258,,,,52,52,82,Sabatia,Cebrene,,ilian,elimine_church,,severe_winter,1,,,,,
,259,,,,107,107,135,Vipena,Cebrene,,ilian,elimine_church,,normal_winter,3,,,,,
Niime's house,260,,,,113,113,183,Spina,Cebrene,,ilian,elimine_church,,normal_winter,3,dark,,,,
FE6 18A,261,,,,46,46,76,Neandreia,Neandreia,,ilian,elimine_church,,severe_winter,4,dragon_gods,pagan,,,
,262,,,,92,92,139,Kavi,Neandreia,,ilian,elimine_church,,severe_winter,2,,,,,
,263,,,,138,138,150,Mutina,Neandreia,,ilian,elimine_church,,severe_winter,2,,,,,
,264,,,,89,89,145,Anth,Neandreia,,ilian,elimine_church,,severe_winter,3,,,,,
,265,,,,96,96,126,Clavna,Neandreia,,ilian,elimine_church,,normal_winter,1,,,,,
,266,,,,110,110,159,Sestos,Sestos,,ilian,elimine_church,,normal_winter,3,,,,,
,267,,,,79,79,110,Arciun,Sestos,,ilian,elimine_church,,normal_winter,2,,,,,
,268,,,,54,54,89,Carmna,Sestos,,ilian,elimine_church,,severe_winter,2,,,,,
,269,,,,62,62,104,Sigeion,Sigeion,,ilian,elimine_church,,normal_winter,3,,,,,
,270,,,,99,99,212,Atria,Sigeion,,ilian,elimine_church,,severe_winter,2,,,,,
,271,,,,123,123,245,Felsina,Sigeion,,ilian,elimine_church,,normal_winter,2,,,,,
,272,,,,115,115,251,Cardia,Cardia,,ilian,elimine_church,,normal_winter,4,,,,,
,273,,,,83,83,124,Cainua,Cardia,,ilian,elimine_church,,normal_winter,2,,,,,
,274,,,,92,92,156,Aisinia,Cardia,,ilian,elimine_church,,normal_winter,3,,,,,
,275,,,,85,85,98,Phlera,Cardia,,ilian,elimine_church,,severe_winter,1,,,,,
,276,,,,66,66,84,Sabate,Cardia,,ilian,elimine_church,,severe_winter,2,,,,,
FE6 17A,277,,,,155,155,250,Remy,Remy,,ilian,elimine_church,,normal_winter,5,,,,,
,278,,,,93,93,114,Arimna,Remy,,ilian,elimine_church,,severe_winter,1,,,,,
,279,,,,109,109,185,Velera,Remy,,ilian,elimine_church,,normal_winter,3,,,,,
,280,,,,170,170,207,Pathva,Remy,,ilian,elimine_church,,normal_winter,2,,,,,
,281,,,,137,137,219,Remnun,Remy,,ilian,elimine_church,,normal_winter,2,,,,,
,282,,,,50,50,76,Ice Dragon Mountains,,,,,impassable,,0,,,,,
,283,,,,63,63,95,Maltet Mountains,,,,,impassable,,0,,,,,
,284,,,,96,102,102,The Seasonless Peaks,,,,,impassable,,0,,,,,
,285,,,,86,81,81,Wyvern Mountains,,,,,impassable,,0,,,,,
Ocean,286,,,,0,29,236,Eastern Coast of Edessa,Elibian Sea,,,,sea,,0,,,,,
,287,,,,58,1,13,Northern Coast of Edessa,Elibian Sea,,,,sea,,0,,,,,
,288,,,,13,141,0,Barigan Bay,Elibian Sea,,,,sea,,0,,,,,
,289,,,,176,170,0,Bay of Scamander,Elibian Sea,,,,sea,,0,,,,,
,290,,,,0,173,155,Central Sea of Ilia,Elibian Sea,,,,sea,,0,,,,,
,291,,,,173,102,0,Western Sea of Ilia,Elibian Sea,,,,sea,,0,,,,,
,292,,,,188,235,0,Sea of Etruria,Elibian Sea,,,,sea,,0,,,,,
,293,,,,0,93,9,Bay of Remy,Elibian Sea,,,,sea,,0,,,,,
,294,,,,110,0,134,Coast of Dia,Elibian Sea,,,,sea,,0,,,,,
,295,,,,223,0,52,Strait of Dia,Elibian Sea,,,,sea,,0,,,,,
,296,,,,0,242,228,Strait of Armads,Elibian Sea,,,,sea,,0,,,,,
,297,,,,0,35,147,Durban's Strait,Elibian Sea,,,,sea,,0,,,,,
,298,,,,168,26,3,Coast of Jutes,Elibian Sea,,,,sea,,0,,,,,
,299,,,,229,162,0,Coast of Dubris,Elibian Sea,,,,sea,,0,,,,,
,300,,,,0,180,0,Bay of Fibernia,Elibian Sea,,,,sea,,0,,,,,
,301,,,,141,0,206,Strait of Edina,Elibian Sea,,,,sea,,0,,,,,
,302,,,,41,117,0,Western Coast of Scotia,Elibian Sea,,,,sea,,0,,,,,
,303,,,,170,201,1,Coast of Caledonia,Elibian Sea,,,,sea,,0,,,,,
,304,,,,24,93,0,Southern Coast of Fibernia,Elibian Sea,,,,sea,,0,,,,,
,305,,,,231,0,120,Outer Bay of Aquelia,Elibian Sea,,,,sea,,0,,,,,
,306,,,,0,239,236,Bay of Aquelia,Elibian Sea,,,,sea,,0,,,,,
,307,,,,170,0,40,Nabatan Coast,Elibian Sea,,,,sea,,0,,,,,
,308,,,,148,2,216,Southern Coast of Scotia,Elibian Sea,,,,sea,,0,,,,,
,309,,,,101,59,0,Northern Sea of Kafti,Elibian Sea,,,,sea,,0,,,,,
,310,,,,237,162,0,Elibian Ocean,Elibian Sea,,,,sea,,0,,,,,
,311,,,,232,0,180,Coast of Kafti,Elibian Sea,,,,sea,,0,,,,,
,312,,,,0,103,151,Central Sea of Kafti,Elibian Sea,,,,sea,,0,,,,,
,313,,,,0,185,122,Southern Sea of Kafti,Elibian Sea,,,,sea,,0,,,,,
,314,,,,169,0,0,Western Missur Coast,Elibian Sea,,,,sea,,0,,,,,
,315,,,,189,236,0,Central Missur Coast,Elibian Sea,,,,sea,,0,,,,,
,316,,,,222,163,3,Outer Sea of Lycia,Elibian Sea,,,,sea,,0,,,,,
,317,,,,0,19,80,Inner Sea of Lycia,Elibian Sea,,,,sea,,0,,,,,
,318,,,,58,245,0,Bay of Lycia,Elibian Sea,,,,sea,,0,,,,,
,319,,,,194,169,0,Sea of Pherae,Elibian Sea,,,,sea,,0,,,,,
,320,,,,190,0,156,Valor Coast,Elibian Sea,,,,sea,,0,,,,,
,321,,,,166,39,0,Cornwell Coast,Elibian Sea,,,,sea,,0,,,,,
,322,,,,166,0,221,Sea of Marciana,Elibian Sea,,,,sea,,0,,,,,
,323,,,,0,181,197,Terina Coast,Elibian Sea,,,,sea,,0,,,,,
,324,,,,124,123,0,Sea of Calynda,Elibian Sea,,,,sea,,0,,,,,
,325,,,,1,219,93,Terina Cliffs,Elibian Sea,,,,sea,,0,,,,,
,326,,,,232,0,0,Aareshore,Elibian Sea,,,,sea,,0,,,,,
Lakes,327,,,,0,150,228,Lake Calach,Lake Calach,,,,lake,,0,,,,,
Rivers,328,,,,232,0,213,River Aare,River Aare,,,,river,,0,,,,,
,329,,,,234,237,0,River Aare,River Aare,,,,river,,0,,,,,
,330,,,,0,215,30,River Aare,River Aare,,,,river,,0,,,,,
,331,,,,228,134,0,River Aare,River Aare,,,,river,,0,,,,,
,332,,,,243,0,137,River Scamander,River Scamander,,,,river,,0,,,,,
Grannvale,333,,,,224,203,106,Belhalla,Belhalla,,grannvalean,church_of_edda,,mild_winter,7,,,,,
,334,,,,213,189,76,Glasir,Belhalla,,grannvalean,church_of_edda,,mild_winter,5,,,,,
,335,,,,214,197,121,Laeradr,Belhalla,,grannvalean,church_of_edda,,mild_winter,5,,,,,
,336,,,,213,182,37,Valholl,Belhalla,,grannvalean,church_of_edda,,mild_winter,4,,,,,
,337,,,,201,85,57,Velthomer,Velthomer,,grannvalean,church_of_edda,,mild_winter,6,,,,,
,338,,,,165,63,39,Galar,Velthomer,,grannvalean,church_of_edda,,mild_winter,5,,,,,
,339,,,,234,100,68,Kvasir,Velthomer,,grannvalean,church_of_edda,,mild_winter,4,,,,,
,340,,,,135,42,20,Gilling,Velthomer,,grannvalean,church_of_edda,,,4,,,,,
,341,,,,223,130,108,Suttungr,Velthomer,,grannvalean,church_of_edda,,,4,,,,,
,342,,,,213,195,67,Edda,Edda,,grannvalean,church_of_edda,,mild_winter,5,church_of_edda,,,,
,343,,,,239,227,141,Grimnismal,Edda,,grannvalean,church_of_edda,,mild_winter,5,,,,,
,344,,,,167,154,58,Havamal,Edda,,grannvalean,church_of_edda,,mild_winter,3,,,,,
,345,,,,233,217,102,Lokasenna,Edda,,grannvalean,church_of_edda,,mild_winter,5,,,,,
,346,,,,218,210,150,Alvissmal,Edda,,grannvalean,church_of_edda,,mild_winter,3,,,,,
,347,,,,185,53,41,Chalphy,Chalphy,,grannvalean,church_of_edda,,mild_winter,6,,,,,
north east,348,,,,170,25,11,Thjalfi,Chalphy,,grannvalean,church_of_edda,,mild_winter,4,,,,,
west ,349,,,,216,103,93,Roskva,Chalphy,,grannvalean,church_of_edda,,mild_winter,4,,,,,
peninsula,350,,,,143,41,31,Harbardsljod,Chalphy,,grannvalean,church_of_edda,,mild_winter,5,,,,,
,351,,,,24,39,92,Friege,Friege,,grannvalean,church_of_edda,,normal_winter,6,,,,,
,352,,,,50,82,194,Donar,Friege,,grannvalean,church_of_edda,,mild_winter,5,,,,,
,353,,,,55,81,170,Tor,Friege,,grannvalean,church_of_edda,,normal_winter,4,,,,,
,354,,,,29,92,78,Dozel,Dozel,,grannvalean,church_of_edda,,mild_winter,6,,,,,
,355,,,,23,71,60,Monza,Dozel,,grannvalean,church_of_edda,,mild_winter,4,,,,,
,356,,,,38,121,103,Lombardy,Dozel,,grannvalean,church_of_edda,,mild_winter,5,,,,,
,357,,,,35,103,103,Jungby,Jungby,,grannvalean,church_of_edda,,mild_winter,5,,,,,
,358,,,,54,146,146,Inguin,Jungby,,grannvalean,church_of_edda,,mild_winter,3,,,,,
,359,,,,22,112,112,Yngvi,Jungby,,grannvalean,church_of_edda,,mild_winter,4,,,,,
,360,,,,23,64,64,Ingwaz,Jungby,,grannvalean,church_of_edda,,normal_winter,3,,,,,
,361,,,,64,174,174,Ingwine,Jungby,,grannvalean,church_of_edda,,mild_winter,4,,,,,
Agustria,362,,,,37,117,88,Agusty,Agusty,,agustrian,church_of_edda,,mild_winter,6,,,,,
,363,,,,22,74,55,Hotherus,Agusty,,agustrian,church_of_edda,,,4,,,,,
,364,,,,45,145,109,Hodur,Agusty,,agustrian,church_of_edda,,,5,,,,,
,365,,,,68,227,169,Griplur,Agusty,,agustrian,church_of_edda,,mild_winter,3,,,,,
,366,,,,44,163,120,Hromundar,Agusty,,agustrian,church_of_edda,,mild_winter,3,,,,,
,367,,,,179,118,64,Madino,Madino,,agustrian,church_of_edda,,,5,earthen_pagan,earthen_pagan_reformed,,,
,368,,,,236,157,88,Santala,Madino,,agustrian,church_of_edda,,,4,,,,,
,369,,,,210,137,73,Lorantha,Madino,,agustrian,church_of_edda,,,3,,,,,
,370,,,,176,32,0,Silvail,Silvail,,agustrian,church_of_edda,,,4,earthen_pagan,earthen_pagan_reformed,,,
,371,,,,127,25,2,Mascagni,Silvail,,agustrian,church_of_edda,,,3,,,,,
,372,,,,200,75,48,Targioni,Silvail,,agustrian,church_of_edda,,,3,,,,,
,373,,,,227,129,108,Tozzetti,Silvail,,agustrian,church_of_edda,,,3,,,,,
,374,,,,64,24,24,Anphony,Anphony,,agustrian,church_of_edda,,,4,,,,,
,375,,,,237,91,91,Dunsinane,Anphony,,agustrian,church_of_edda,,,4,,,,,
,376,,,,147,67,67,Birnam,Anphony,,agustrian,church_of_edda,,,4,,,,,
,377,,,,129,50,50,Glamis,Anphony,,agustrian,church_of_edda,,,3,,,,,
,378,,,,58,22,22,Cawdor,Anphony,,agustrian,church_of_edda,,,3,,,,,
,379,,,,0,104,48,Heirhein,Heirhein,,agustrian,church_of_edda,,,4,,,,,
,380,,,,3,166,78,Stemilion,Heirhein,,agustrian,church_of_edda,,,5,,,,,
,381,,,,1,70,33,Castillon,Heirhein,,agustrian,church_of_edda,,,3,,,,,
,382,,,,2,96,46,Blaye,Heirhein,,agustrian,church_of_edda,,,4,,,,,
,383,,,,81,136,81,Nordion,Nordion,,agustrian,church_of_edda,,,4,,,,,
,384,,,,102,174,102,Norn,Nordion,,agustrian,church_of_edda,,mild_winter,3,,,,,
,385,,,,134,227,134,Urd,Nordion,,agustrian,church_of_edda,,mild_winter,3,,,,,
,386,,,,55,93,55,Verdandi,Nordion,,agustrian,church_of_edda,,mild_winter,6,,,,,
,387,,,,34,56,34,Skuld,Nordion,,agustrian,church_of_edda,,mild_winter,5,,,,,
,388,,,,0,56,16,Mackily,Mackily,,agustrian,church_of_edda,,normal_winter,4,,,,,
,389,,,,4,226,67,Truro,Mackily,,agustrian,church_of_edda,,normal_winter,2,,,,,
,390,,,,5,153,48,Moresk,Mackily,,agustrian,church_of_edda,,normal_winter,3,,,,,
,391,,,,3,244,72,Malpas,Mackily,,agustrian,church_of_edda,,normal_winter,3,,,,,
Silesse,392,,,,43,57,84,Silesse,Silesse,,silessian,church_of_edda,,severe_winter,5,,,,,
,393,,,,66,77,98,Ziebice,Silesse,,silessian,church_of_edda,,severe_winter,3,,,,,
,394,,,,76,82,94,Swidnica,Silesse,,silessian,church_of_edda,,severe_winter,3,,,,,
,395,,,,79,104,151,Olawa,Silesse,,silessian,church_of_edda,,severe_winter,4,,,,,
,396,,,,40,0,80,Zaxon,Zaxon,,silessian,church_of_edda,,severe_winter,4,,,,,
,397,,,,67,3,131,Legnica,Zaxon,,silessian,church_of_edda,,normal_winter,4,,,,,
,398,,,,81,22,141,Jawor,Zaxon,,silessian,church_of_edda,,severe_winter,3,,,,,
,399,,,,116,0,232,Glogow,Zaxon,,silessian,church_of_edda,,severe_winter,4,,,,,
,400,,,,48,0,104,Thove,Thove,,silessian,church_of_edda,,severe_winter,4,,,,,
,401,,,,88,8,180,Nysa,Thove,,silessian,church_of_edda,,severe_winter,3,,,,,
,402,,,,59,1,126,Prudnik,Thove,,silessian,church_of_edda,,severe_winter,3,,,,,
,403,,,,99,20,192,Kozle,Thove,,silessian,church_of_edda,,severe_winter,2,,,,,
,404,,,,76,52,104,Bytom,Thove,,silessian,church_of_edda,,severe_winter,2,,,,,
,405,,,,177,168,171,Sailane,Sailane,,silessian,church_of_edda,,severe_winter,3,,,,,
,406,,,,118,112,114,Gora,Sailane,,silessian,church_of_edda,,severe_winter,4,,,,,
,407,,,,169,163,165,Scinawa,Sailane,,silessian,church_of_edda,,severe_winter,4,,,,,
,408,,,,172,76,89,Lubeck,Lubeck,,silessian,church_of_edda,,mild_winter,6,,,,,
,409,,,,114,52,61,Luban,Lubeck,,silessian,church_of_edda,,normal_winter,4,,,,,
,410,,,,223,102,119,Grodkow,Lubeck,,silessian,church_of_edda,,,3,,,,,
Isaach,411,,,,24,108,69,Isaach,Isaach,,isaachian,church_of_edda,,mild_winter,6,,,,,
,412,,,,42,151,100,Jacobe,Isaach,,isaachian,church_of_edda,,mild_winter,3,,,,,
,413,,,,49,175,117,Easaw,Isaach,,isaachian,church_of_edda,,mild_winter,4,,,,,
,414,,,,19,84,54,Rebehkah,Isaach,,isaachian,church_of_edda,,mild_winter,3,,,,,
,415,,,,18,116,71,Basematt,Isaach,,isaachian,church_of_edda,,mild_winter,3,,,,,
,416,,,,156,90,42,Rivough,Rivough,,isaachian,church_of_edda,,mild_winter,5,,,,,
,417,,,,142,75,26,Siyabli,Rivough,,isaachian,church_of_edda,,normal_winter,4,,,,,
,418,,,,112,64,29,Mollakend,Rivough,,isaachian,church_of_edda,,normal_winter,3,,,,,
,419,,,,218,138,80,Tatoba,Rivough,,isaachian,church_of_edda,,mild_winter,3,,,,,
,420,,,,244,159,97,Kosalar,Rivough,,isaachian,church_of_edda,,mild_winter,3,,,,,
,421,,,,224,227,199,Sophara,Sophara,,isaachian,church_of_edda,,normal_winter,4,,,,,
,422,,,,164,166,145,Degou,Sophara,,isaachian,church_of_edda,,normal_winter,2,,,,,
,423,,,,242,245,215,Baratou,Sophara,,isaachian,church_of_edda,,normal_winter,3,,,,,
,424,,,,193,202,120,Kankelena,Sophara,,isaachian,church_of_edda,,normal_winter,3,,,,,
,425,,,,191,197,144,Mansaba,Sophara,,isaachian,church_of_edda,,normal_winter,3,,,,,
Denbighshire?,426,,,,115,79,32,Ganeishire,Ganeishire,,isaachian,church_of_edda,,mild_winter,4,,,,,
,427,,,,166,113,45,Abergele,Ganeishire,,isaachian,church_of_edda,,mild_winter,4,,,,,
,428,,,,83,57,24,Mochdre,Ganeishire,,isaachian,church_of_edda,,mild_winter,3,,,,,
,429,,,,121,88,45,Llangollen,Ganeishire,,isaachian,church_of_edda,,mild_winter,3,,,,,
,430,,,,179,144,98,Ruthin,Ganeishire,,isaachian,church_of_edda,,normal_winter,2,,,,,
,431,,,,127,106,63,Tirnanog,Tirnanog,,isaachian,church_of_edda,,mild_winter,5,,,,,
,432,,,,88,74,44,Tirtairngire,Tirnanog,,isaachian,church_of_edda,,mild_winter,3,,,,,
,433,,,,178,149,90,Magmell,Tirnanog,,isaachian,church_of_edda,,mild_winter,3,,,,,
,434,,,,234,197,121,Tirfothuinn,Tirnanog,,isaachian,church_of_edda,,,4,,,,,
Leonster,435,,,,57,66,105,Leonster,Leonster,,mansterian,church_of_edda,,mild_winter,6,,,,,
,436,,,,103,123,206,Norden,Leonster,,mansterian,church_of_edda,,mild_winter,4,,,,,
,437,,,,40,46,74,Melfiye,Leonster,,mansterian,church_of_edda,,normal_winter,4,,,,,
,438,,,,60,70,114,Solwood,Leonster,,mansterian,church_of_edda,,normal_winter,3,pagan,,,,
,439,,,,123,145,239,Osraige,Leonster,,mansterian,church_of_edda,,mild_winter,5,,,,,
,440,,,,16,104,32,Alster,Alster,,mansterian,church_of_edda,,normal_winter,4,,,,,
,441,,,,8,54,17,Dakia,Alster,,mansterian,church_of_edda,,normal_winter,3,,,,,
,442,,,,18,110,35,Gartan,Alster,,mansterian,church_of_edda,,normal_winter,2,,,,,
,443,,,,11,70,22,Clochar,Alster,,mansterian,church_of_edda,,normal_winter,3,,,,,
,444,,,,20,161,46,Latharna,Alster,,mansterian,church_of_edda,,mild_winter,5,,,,,
,445,,,,31,205,62,Airgialla,Alster,,mansterian,church_of_edda,,normal_winter,3,,,,,
,446,,,,72,40,104,Conote,Conote,,mansterian,church_of_edda,,mild_winter,4,,,,,
,447,,,,114,67,161,Breifne,Conote,,mansterian,church_of_edda,,mild_winter,4,,,,,
,448,,,,50,28,71,Liatroim,Conote,,mansterian,church_of_edda,,normal_winter,4,,,,,
,449,,,,248,168,0,Manster,Manster,,mansterian,church_of_edda,,normal_winter,4,,,,,
,450,,,,187,127,0,Danzich,Manster,,mansterian,church_of_edda,,normal_winter,4,,,,,
,451,,,,211,143,1,Kelves,Manster,,mansterian,church_of_edda,,normal_winter,4,,,,,
,452,,,,255,175,6,Adare,Manster,,mansterian,church_of_edda,,normal_winter,3,,,,,
,453,,,,163,111,2,Luimneach,Manster,,mansterian,church_of_edda,,mild_winter,3,,,,,
,454,,,,120,120,144,Melgln,Melgln,,mansterian,church_of_edda,,normal_winter,4,,,,,
,455,,,,76,76,95,Dungot,Melgln,,mansterian,church_of_edda,,,3,,,,,
,456,,,,96,96,115,Tahra,Tahra,,mansterian,church_of_edda,,mild_winter,5,,,,,
,457,,,,151,151,191,Frest,Tahra,,mansterian,church_of_edda,,mild_winter,6,,,,,
Thracia,458,,,,178,61,49,Thracia,Thracia,,thracian,church_of_edda,,mild_winter,6,,,,,
,459,,,,211,78,65,Verissa,Thracia,,thracian,church_of_edda,,mild_winter,4,,,,,
,460,,,,150,51,41,Deleus,Thracia,,thracian,church_of_edda,,normal_winter,3,,,,,
,461,,,,206,70,57,Galata,Thracia,,thracian,church_of_edda,,normal_winter,3,,,,,
,462,,,,136,47,38,Madyta,Thracia,,thracian,church_of_edda,,normal_winter,3,,,,,
,463,,,,104,24,40,Kapathogia,Kapathogia,,thracian,church_of_edda,,normal_winter,4,,,,,
,464,,,,113,26,44,Heraclea,Kapathogia,,thracian,church_of_edda,,normal_winter,3,,,,,
,465,,,,82,14,28,Panidos,Kapathogia,,thracian,church_of_edda,,normal_winter,3,,,,,
,466,,,,152,86,1,Dandrum,Noel,,thracian,church_of_edda,,normal_winter,3,,,,,
,467,,,,80,88,128,Mount Violdrake,Noel,,thracian,church_of_edda,,severe_winter,3,,,,,
,468,,,,244,170,43,Noel,Noel,,thracian,church_of_edda,,severe_winter,2,,,,,
,469,,,,144,32,40,Meace,Meace,,thracian,church_of_edda,,normal_winter,4,,,,,
,470,,,,131,30,37,Fionnghlas,Meace,,thracian,church_of_edda,,severe_winter,2,,,,,
,471,,,,178,39,49,Ailinne,Meace,,thracian,church_of_edda,,severe_winter,2,,,,,
,472,,,,127,8,17,Daru,Meace,,thracian,church_of_edda,,normal_winter,3,,,,,
,473,,,,56,64,0,Luthecia,Luthecia,,thracian,church_of_edda,,normal_winter,4,,,,,
,474,,,,110,126,0,Lysimachia,Luthecia,,thracian,church_of_edda,,mild_winter,3,,,,,
,475,,,,90,103,2,Selymbria,Luthecia,,thracian,church_of_edda,,mild_winter,3,,,,,
,476,,,,49,56,1,Blachernae,Luthecia,,thracian,church_of_edda,,mild_winter,3,,,,,
,477,,,,34,37,11,Grutia,Grutia,,thracian,church_of_edda,,mild_winter,3,,,,,
,478,,,,71,77,24,Syrallum,Grutia,,thracian,church_of_edda,,mild_winter,3,,,,,
,479,,,,44,48,12,Aulaeitichus,Grutia,,thracian,church_of_edda,,mild_winter,3,,,,,
,480,,,,109,119,30,Gallipoli,Grutia,,thracian,church_of_edda,,,3,,,,,
,481,,,,159,171,63,Chariopolis,Grutia,,thracian,church_of_edda,,mild_winter,3,,,,,
,482,,,,240,112,8,Iss,Iss,,thracian,church_of_edda,,mild_winter,3,,,,,
,483,,,,93,30,24,Fiana,Iss,,thracian,church_of_edda,,mild_winter,4,,,,,
,484,,,,170,78,3,Eochaill,Iss,,thracian,church_of_edda,,mild_winter,3,,,,,
,485,,,,255,119,8,Savan,Savan,,thracian,church_of_edda,,mild_winter,4,,,,,
,486,,,,203,95,6,Aonach,Savan,,thracian,church_of_edda,,normal_winter,3,,,,,
,487,,,,206,108,29,Caiseal,Savan,,thracian,church_of_edda,,normal_winter,3,,,,,
,488,,,,150,80,23,Iubhair,Savan,,thracian,church_of_edda,,mild_winter,3,,,,,
Verdane,489,,,,228,157,57,Verdane,Verdane,,verdanian,church_of_edda,,,5,bandit,pirate,,,
,490,,,,223,141,24,Stenay,Verdane,,verdanian,church_of_edda,,,4,,,,,
,491,,,,207,140,46,Etain,Verdane,,verdanian,church_of_edda,,,3,,,,,
,492,,,,232,181,108,Longuyon,Verdane,,verdanian,church_of_edda,,,3,,,,,
,493,,,,48,91,81,Marpha,Marpha,,verdanian,church_of_edda,,,3,,,,,
Spirit Forest,494,,,,67,170,146,Spirit Forest,Marpha,,verdanian,church_of_edda,,,4,loptyrian,maerist,,,
,495,,,,4,66,51,Kagbeni,Marpha,,verdanian,church_of_edda,,,4,,,,,
,496,,,,54,210,174,Dhami,Marpha,,verdanian,church_of_edda,,,4,,,,,
,497,,,,9,123,96,Lete,Marpha,,verdanian,church_of_edda,,,3,,,,,
,498,,,,178,146,85,Genoa,Genoa,,verdanian,church_of_edda,,,6,,,,,
,499,,,,233,169,47,Rapallo,Genoa,,verdanian,church_of_edda,,,5,,,,,
,500,,,,198,164,100,Savona,Genoa,,verdanian,church_of_edda,,,4,,,,,
,501,,,,99,72,20,Albenga,Genoa,,verdanian,church_of_edda,,,3,,,,,
,502,,,,152,136,56,Evans,Evans,,verdanian,church_of_edda,,normal_winter,7,loptyrian,maerist,earthen_pagan,earthen_pagan_reformed,church_of_edda
,503,,,,229,211,124,Augea,Evans,,verdanian,church_of_edda,,mild_winter,4,,,,,
,504,,,,162,138,18,Nogna,Evans,,verdanian,church_of_edda,,mild_winter,3,,,,,
,505,,,,182,164,76,Gizia,Evans,,verdanian,church_of_edda,,mild_winter,4,,,,,
Miletos,506,,,,57,0,57,Miletos,Miletos,,grannvalean,church_of_edda,,,4,loptyrian,maerist,church_of_edda,,
,507,,,,85,2,85,Magnesia,Miletos,,grannvalean,church_of_edda,,,4,,,,,
,508,,,,148,6,148,Palation,Miletos,,grannvalean,church_of_edda,,,4,,,,,
,509,,,,87,65,122,Chronos,Chronos,,grannvalean,church_of_edda,,,3,earthen_pagan,earthen_pagan_reformed,,,
,510,,,,134,100,188,Saeculum,Chronos,,grannvalean,church_of_edda,,,3,,,,,
,511,,,,128,104,166,Aevum,Chronos,,grannvalean,church_of_edda,,,4,,,,,
,512,,,,99,99,16,Rada,Rada,,grannvalean,church_of_edda,,,4,,,,,
,513,,,,153,153,20,Hagfors,Rada,,grannvalean,church_of_edda,,,3,,,,,
Galle's Landing,514,,,,60,60,9,Sunnemo,Rada,,grannvalean,church_of_edda,,,3,loptyrian,maerist,,,
,515,,,,147,132,192,Peruluke,Peruluke,,grannvalean,church_of_edda,,,3,,,,,
,516,,,,105,93,141,Tralles,Peruluke,,grannvalean,church_of_edda,,,3,,,,,
Orgahil,517,,,,160,140,221,Iassos,Peruluke,,grannvalean,church_of_edda,,,3,,,,,
,518,,,,106,224,223,Orgahil,Orgahil,,agustrian,church_of_edda,,,3,earthen_pagan,earthen_pagan_reformed,bandit,pirate,
,519,,,,127,237,236,Detroyes,Orgahil,,agustrian,church_of_edda,,,3,,,,,
,520,,,,80,168,167,Pulci,Orgahil,,agustrian,church_of_edda,,,3,,,,,
,521,,,,40,93,93,Perrault,Orgahil,,agustrian,church_of_edda,,,2,,,,,
,522,,,,89,184,183,Daulnoy,Orgahil,,agustrian,church_of_edda,,,2,,,,,
,523,,,,183,126,177,Basile,Blagi,,agustrian,church_of_edda,,,2,church_of_edda,maerist,,,
,524,,,,214,147,207,Uberti,Blagi,,agustrian,church_of_edda,,,3,,,,,
Yied,525,,,,79,65,62,Yied,Yied,,grannvalean,loptyrian,,,4,loptyrian,,,,
,526,,,,215,175,166,Aed,Yied,,grannvalean,church_of_edda,,,3,,,,,
,527,,,,96,84,81,Lir,Lir,,isaachian,church_of_edda,,mild_winter,3,,,,,
,528,,,,61,49,46,Aodh,Lir,,isaachian,church_of_edda,,,3,,,,,
,529,,,,79,58,53,Aoibh,Lir,,isaachian,church_of_edda,,normal_winter,3,,,,,
,530,,,,82,0,41,Darna,Darna,,grannvalean,church_of_edda,,,5,church_of_edda,dragon_gods,,,
,531,,,,107,1,54,Murias,Darna,,grannvalean,church_of_edda,,,3,,,,,
,532,,,,212,49,131,Gorias,Darna,,grannvalean,church_of_edda,,,3,,,,,
,533,,,,80,21,51,Anu,Anu,,grannvalean,church_of_edda,,,4,,,,,
,534,,,,157,44,100,Finias,Anu,,grannvalean,church_of_edda,,,4,,,,,
,535,,,,217,2,109,Falias,Anu,,grannvalean,church_of_edda,,,3,,,,,
,536,,,,174,175,177,Phinora,Phinora,,grannvalean,church_of_edda,,,4,,,,,
,537,,,,48,48,48,Kharga,Phinora,,grannvalean,church_of_edda,,,3,,,,,
,538,,,,95,95,96,Siwa,Phinora,,grannvalean,church_of_edda,,,3,,,,,
,539,,,,213,214,215,Dahkla,Dahkla,,silessian,church_of_edda,,mild_winter,4,,,,,
,540,,,,106,106,107,Farafra,Dahkla,,silessian,church_of_edda,,,3,,,,,
,541,,,,57,58,59,Bahariya,Dahkla,,silessian,church_of_edda,,,3,,,,,
,542,,,,216,178,2,Grann's Hall,,,,,impassable,,0,,,,,
,543,,,,3,31,84,Sudeten Mountains,,,,,impassable,,0,,,,,
,544,,,,3,35,20,Moriah Mountains,,,,,impassable,,0,,,,,
,545,,,,218,0,0,Cobaldrake Mountains,,,,,impassable,,0,,,,,
,546,,,,55,0,0,Scarldrake Mountains,,,,,impassable,,0,,,,,
,547,,,,156,32,146,Great River of Thracia,Great River of Thracia,,,,river,,0,,,,,
,548,,,,32,156,59,Great River of Thracia,Great River of Thracia,,,,river,,0,,,,,
,549,,,,32,149,156,Great River of Thracia,Great River of Thracia,,,,river,,0,,,,,
,550,,,,9,65,158,Lake Verdane,Lake Verdane,,,,lake,,0,,,,,
,551,,,,9,158,156,Strait of Iss,Jugdral Sea,,,,sea,,0,,,,,
,552,,,,9,158,111,Verissa Coast,Jugdral Sea,,,,sea,,0,,,,,
,553,,,,9,158,69,Thracia Coast,Jugdral Sea,,,,sea,,0,,,,,
,554,,,,125,158,9,Horn of Thracia,Jugdral Sea,,,,sea,,0,,,,,
,555,,,,158,153,9,Grutia Coast,Jugdral Sea,,,,sea,,0,,,,,
,556,,,,158,107,9,Chronos Coast,Jugdral Sea,,,,sea,,0,,,,,
,557,,,,158,83,9,Luthecia Bay,Jugdral Sea,,,,sea,,0,,,,,
,558,,,,158,65,9,Rada Coast,Jugdral Sea,,,,sea,,0,,,,,
,559,,,,158,44,9,Miletos Sea,Jugdral Sea,,,,sea,,0,,,,,
,560,,,,158,9,90,Peruluke Sea,Jugdral Sea,,,,sea,,0,,,,,
,561,,,,158,9,135,Lete Coast,Jugdral Sea,,,,sea,,0,,,,,
,562,,,,111,9,158,Dhami Coast,Jugdral Sea,,,,sea,,0,,,,,
,563,,,,34,9,158,Verdane Coast,Jugdral Sea,,,,sea,,0,,,,,
,564,,,,11,121,158,Heirhein's Watch,Jugdral Sea,,,,sea,,0,,,,,
,565,,,,9,149,158,Nordion Bay,Jugdral Sea,,,,sea,,0,,,,,
,566,,,,9,158,135,Anphony Coast,Jugdral Sea,,,,sea,,0,,,,,
,567,,,,9,158,62,Anphony Bay,Jugdral Sea,,,,sea,,0,,,,,
,568,,,,9,158,41,Tozzetti Coast,Jugdral Sea,,,,sea,,0,,,,,
,569,,,,100,158,9,Silvail Strait,Jugdral Sea,,,,sea,,0,,,,,
,570,,,,158,111,9,Ogre's Cauldron,Jugdral Sea,,,,sea,,0,,,,,
,571,,,,158,62,9,Yedu Sea,Jugdral Sea,,,,sea,,0,,,,,
,572,,,,158,9,93,Yedu Sea,Jugdral Sea,,,,sea,,0,,,,,
,573,,,,107,9,158,Yedu Sea,Jugdral Sea,,,,sea,,0,,,,,
,574,,,,128,158,9,Western Sea of Orgahil,Jugdral Sea,,,,sea,,0,,,,,
,575,,,,158,146,9,Northern Sea of Orgahil,Jugdral Sea,,,,sea,,0,,,,,
,576,,,,158,9,55,Silessea,Jugdral Sea,,,,sea,,0,,,,,
,577,,,,158,9,142,Sea of Thove,Jugdral Sea,,,,sea,,0,,,,,
,578,,,,128,9,158,Immram Bay,Jugdral Sea,,,,sea,,0,,,,,
,579,,,,23,9,158,Tirnanog Coast,Jugdral Sea,,,,sea,,0,,,,,
,580,,,,9,121,158,Ganeisea,Jugdral Sea,,,,sea,,0,,,,,
,581,,,,9,158,125,Isaach Coast,Jugdral Sea,,,,sea,,0,,,,,
,582,,,,9,93,158,Outer Thracia Bay,Jugdral Sea,,,,sea,,0,,,,,
,583,,,,69,0,245,Thracia Bay,Jugdral Sea,,,,sea,,0,,,,,
,584,,,,100,9,158,Thracian Sea,Jugdral Sea,,,,sea,,0,,,,,
,585,,,,158,9,100,Thracian Sea,Jugdral Sea,,,,sea,,0,,,,,
,586,,,,158,9,30,Thracian Sea,Jugdral Sea,,,,sea,,0,,,,,
,587,,,,13,121,158,Luimneach Coast,Jugdral Sea,,,,sea,,0,,,,,
,588,,,,142,42,227,Drake Sea,Drake Sea,,,,sea,,0,,,,,
,589,,,,227,42,194,Drake Sea,Drake Sea,,,,sea,,0,,,,,
,590,,,,242,245,25,Magsea,Magsea,,,,sea,,0,,,,,
,591,,,,25,245,46,Magsea,Magsea,,,,sea,,0,,,,,
,592,,,,245,25,165,Magsea,Magsea,,,,sea,,0,,,,,
,593,,,,245,196,25,Magsea,Magsea,,,,sea,,0,,,,,
,594,,,,56,25,245,Magsea,Magsea,,,,sea,,0,,,,,
,595,,,,25,245,165,Magsea,Magsea,,,,sea,,0,,,,,
,596,,,,149,25,245,Magsea,Magsea,,,,sea,,0,,,,,
,597,,,,245,25,237,Magsea,Magsea,,,,sea,,0,,,,,
,598,,,,245,25,129,Magsea,Magsea,,,,sea,,0,,,,,
,599,,,,227,42,142,Elibian Sea,Outer Elibian Sea,,,,sea,,0,,,,,
,600,,,,164,42,227,Elibian Sea,Outer Elibian Sea,,,,sea,,0,,,,,
,601,,,,227,59,42,Elibian Sea,Outer Elibian Sea,,,,sea,,0,,,,,
,602,,,,107,42,227,Elibian Sea,Outer Elibian Sea,,,,sea,,0,,,,,
,603,,,,227,125,42,Elibian Sea,Outer Elibian Sea,,,,sea,,0,,,,,
,604,,,,227,190,42,Elibian Sea,Outer Elibian Sea,,,,sea,,0,,,,,
,605,,,,46,42,227,Elibian Sea,Outer Elibian Sea,,,,sea,,0,,,,,
,606,,,,42,142,227,Elibian Sea,Outer Elibian Sea,,,,sea,,0,,,,,
,607,,,,52,201,182,Elibian Sea,Outer Elibian Sea,,,,sea,,0,,,,,
,608,,,,90,227,42,Elibian Sea,Outer Elibian Sea,,,,sea,,0,,,,,
,609,,,,190,227,42,Elibian Sea,Outer Elibian Sea,,,,sea,,0,,,,,
,610,,,,42,112,227,Elibian Sea,Outer Elibian Sea,,,,sea,,0,,,,,
,611,,,,42,227,142,Elibian Sea,Outer Elibian Sea,,,,sea,,0,,,,,
,612,,,,42,227,203,Elibian Sea,Outer Elibian Sea,,,,sea,,0,,,,,
